DatasetVolumeChecker.java,2
FSDirAclOp.java,2
RMContainerImpl.java,13
TestRMContainerImpl.java,4
TestOzoneManagerHA.java,1
hadoop-common,63
OzoneManager.java,9
MockRM.java,21
hadoop-tools,11
BlockManager.java,48
Path.java,2
TestPath.java,2
TestSecureOzoneManager.java,1
hadoop-hdds,53
FairSchedulerTestBase.java,5
TestAppRunnability.java,1
ApplicationMaster.java,14
Client.java,15
TestDistributedShell.java,9
SCMContainerMetrics.java,2
MiniOzoneChaosCluster.java,1
MiniOzoneClusterImpl.java,9
MiniOzoneLoadGenerator.java,1
TestMiniChaosOzoneCluster.java,1
TestOzoneShell.java,10
OzoneShell.java,1
Shell.java,16
TestSCMNodeMetrics.java,2
LoadBalancingKMSClientProvider.java,6
TestLoadBalancingKMSClientProvider.java,6
ExcludeList.java,1
ServiceTestUtils.java,4
DatanodeStateMachine.java,6
TestDatanodeStateMachine.java,3
S3SecretManagerImpl.java,1
S3SecretValue.java,1
TestOzoneRpcClientAbstract.java,4
BucketEndpoint.java,1
RootEndpoint.java,1
Credential.java,1
OzoneS3Util.java,1
TestRootList.java,3
SSLConnectionConfigurator.java,1
URLConnectionFactory.java,4
WebHdfsFileSystem.java,20
TestURLConnectionFactory.java,2
RouterWebHdfsMethods.java,1
QuorumJournalManager.java,5
KeyValueContainer.java,11
TestKeyValueContainer.java,5
AbstractOMMetadataManagerTest.java,1
FSDirMkdirOp.java,3
FSAclBaseTest.java,3
ChillModeExitRule.java,1
ContainerChillModeRule.java,1
DataNodeChillModeRule.java,1
HealthyPipelineChillModeRule.java,2
OneReplicaPipelineChillModeRule.java,1
SCMChillModeManager.java,5
TestSCMChillModeManager.java,6
SCMContainerManager.java,10
SCMClientProtocolServer.java,9
ContainerManager.java,5
ContainerStateManager.java,14
StorageContainerManager.java,19
TestSCMContainerMetrics.java,1
TestFailureHandlingByClient.java,2
TestOzoneManagerHttpServer.java,1
XceiverServerRatis.java,10
TestOzoneManagerStateMachine.java,2
RouterClientProtocol.java,1
SwiftNativeFileSystem.java,3
HBaseTimelineReaderImpl.java,1
RequestHandler.java,1
ReplicationActivityStatus.java,1
TestChillModeHandler.java,1
TestContainerReportHandler.java,6
TestReplicationActivityStatus.java,1
HDDS-1307,1
CallQueueManager.java,4
Server.java,10
TestCallQueueManager.java,3
TestRPC.java,6
KeyValueContainerCheck.java,1
TestKeyValueContainerCheck.java,2
KeyInputStream.java,2
KeyOutputStream.java,4
RpcClient.java,3
OmKeyArgs.java,2
OmKeyLocationInfo.java,3
DistributedStorageHandler.java,3
KeyManagerImpl.java,9
ScmClient.java,3
GetS3SecretHandler.java,1
SCMNodeManager.java,6
SCMNodeMetrics.java,1
ContainerStateMachine.java,11
BlockOutputStream.java,3
TestRawLocalFileSystemContract.java,4
DataNode.java,33
AddBlockPoolException.java,2
FsVolumeList.java,7
MiniDFSCluster.java,14
SimulatedFSDataset.java,10
TestDataNodeVolumeFailure.java,12
FsDatasetImplTestUtils.java,5
Scheduler.java,2
NewNodeHandler.java,1
NonHealthyToHealthyNodeHandler.java,1
StaleNodeHandler.java,3
BackgroundPipelineCreator.java,1
PipelineActionHandler.java,3
PipelineFactory.java,4
PipelineManager.java,8
PipelineProvider.java,2
PipelineReportHandler.java,3
RatisPipelineProvider.java,5
RatisPipelineUtils.java,4
SCMPipelineManager.java,6
SimplePipelineProvider.java,3
TestBlockManager.java,20
TestNode2PipelineMap.java,4
TestPipelineClose.java,6
TestRatisPipelineUtils.java,3
TestSCMPipelineManager.java,3
TestFreonWithPipelineDestroy.java,1
HddsConfigKeys.java,1
BlockManagerImpl.java,15
TestScmChillMode.java,3
EndpointBase.java,1
ProtobufRpcEngine.java,4
Follow-on,1
PlainTextMultipartUploadReader.java,1
ServiceManager.java,1
Component.java,4
ComponentInstance.java,7
FileSystemTimelineWriter.java,4
CommonNodeLabelsManager.java,6
NonAppendableFSNodeLabelStore.java,1
ConfiguredYarnAuthorizer.java,2
LeveldbTimelineStore.java,3
ContainerExecutor.java,12
ApplicationImpl.java,6
ContainerImpl.java,20
CGroupsHandlerImpl.java,9
LocalizedResource.java,3
TestLogAggregationService.java,12
FifoCandidatesSelector.java,4
IntraQueueCandidatesSelector.java,3
ProportionalCapacityPreemptionPolicy.java,13
NodeAttributesManagerImpl.java,2
RMNodeLabelsManager.java,5
PlacementManager.java,3
RMAppImpl.java,33
RMAppAttemptImpl.java,27
RMAppAttemptMetrics.java,6
RMNodeImpl.java,15
AbstractResourceUsage.java,2
AbstractYarnScheduler.java,29
AppSchedulingInfo.java,11
ResourceUsage.java,3
SchedulerApplicationAttempt.java,22
AbstractAutoCreatedLeafQueue.java,1
AbstractCSQueue.java,12
AbstractManagedParentQueue.java,1
AutoCreatedLeafQueue.java,1
CapacityScheduler.java,42
LeafQueue.java,34
ManagedParentQueue.java,1
ParentQueue.java,13
PlanQueue.java,2
QueueCapacities.java,3
ReservationQueue.java,1
UsersManager.java,5
PreemptionManager.java,1
GuaranteedOrZeroCapacityOverTimePolicy.java,1
FiCaSchedulerApp.java,20
MemoryPlacementConstraintManager.java,1
FSAppAttempt.java,21
FifoAppAttempt.java,1
LocalityAppPlacementAllocator.java,1
SingleConstraintAppPlacementAllocator.java,3
NMTokenSecretManagerInRM.java,1
VolumeImpl.java,1
hadoop-ozone,24
hadoop-hdfs,65
praveenkrishna@tutanota.com,1
CryptoInputStream.java,2
StreamCapabilities.java,3
DFSInputStream.java,16
ByteBufferPositionedReadable.java,1
TestByteBufferPread.java,1
hadoop-yarn,159
TestHealthyPipelineChillModeRule.java,2
TestOneReplicaPipelineChillModeRule.java,1
TestCloseContainerEventHandler.java,7
TestDeadNodeHandler.java,6
MockRatisPipelineProvider.java,1
TestRatisPipelineProvider.java,4
HDDS-1193,1
BenchMarkOMClient.java,1
BenchMarkOzoneManager.java,1
BenchMarkSCM.java,1
Genesis.java,3
GenesisUtil.java,3
ContextFactory.java,1
TestAHSWebServices.java,2
HDDS-623,1
BPServiceActor.java,19
TestBPOfferService.java,8
ObserverReadProxyProvider.java,2
NameNodeRpcServer.java,22
TestConsistentReadsObserver.java,1
KMSACLs.java,5
BlockTokenSecretManager.java,4
TestFailoverWithBlockTokensEnabled.java,2
QueueMetrics.java,5
QueueMetricsForCustomResources.java,1
FSLeafQueue.java,16
FSQueueMetrics.java,3
TestFSLeafQueue.java,3
ApiServiceClient.java,5
ChecksumFileSystem.java,4
FileSystem.java,20
ChRootedFileSystem.java,4
TestLocalFileSystem.java,5
TestFutureIO.java,1
Resources.java,9
TestResources.java,4
ApplicationHistoryManagerImpl.java,3
ApplicationHistoryStoreTestUtils.java,1
TestApplicationHistoryManagerImpl.java,1
TestRMRestart.java,19
ClientCache.java,2
ViewFileSystem.java,6
ViewFs.java,6
OzoneClientAdapterFactory.java,2
FairScheduler.java,40
TestCapacitySchedulerLazyPreemption.java,1
KMSBenchmark.java,1
NodeStatusUpdaterImpl.java,13
ContainerManagerImpl.java,17
ApplicationMasterService.java,7
ClientRMService.java,17
DefaultAMSProcessor.java,3
RMAppManager.java,26
ResourceTrackerService.java,6
AMLauncher.java,8
OpportunisticContainerAllocatorAMService.java,7
TestOpportunisticContainerAllocatorAMService.java,6
CloseContainerCommandHandler.java,6
TestCloseContainerCommandHandler.java,1
BlockInputStream.java,3
PipelineStateMap.java,4
OzoneManagerRatisServer.java,1
BlockLocation.java,4
AzureNativeFileSystemStore.java,13
LocalSASKeyGeneratorImpl.java,1
SecureStorageInterfaceImpl.java,1
AzureBlobStorageTestAccount.java,2
ITestWasbUriAndConfiguration.java,1
SSLFactory.java,5
NamenodeWebHdfsMethods.java,10
TestWebHdfsDataLocality.java,2
FSNamesystem.java,75
DFSAdmin.java,19
TestDFSAdminWithHA.java,3
BenchMarkBlockManager.java,2
WebPageUtils.java,6
Checksum.java,1
BlockOutputStreamEntry.java,1
OMRatisHelper.java,1
TestPipelineStateManager.java,3
DataXceiverServer.java,2
OzoneManagerProtocolClientSideTranslatorPB.java,1
VolumeManagerImpl.java,2
ContainerBlock.java,2
ContainerInfo.java,10
ContainerBlockTest.java,1
LinuxContainerExecutor.java,14
PipelineStateManager.java,4
BenchMarkOMKeyAllocation.java,2
BlockIdDetails.java,1
OmUtils.java,2
TestOzoneManagerConfiguration.java,1
FsDatasetImpl.java,36
ContentSummaryComputationContext.java,5
ErasureCodingPolicyManager.java,5
TestReadRetries.java,1
NamenodeFsck.java,17
TestBlockInfoStriped.java,1
CertificateUtil.java,2
InconsistentAmazonS3Client.java,1
InternalConstants.java,1
S3AOpContext.java,1
S3AReadOpContext.java,1
S3AUtils.java,2
TemporaryAWSCredentialsProvider.java,1
AbstractSessionCredentialsProvider.java,1
MarshalledCredentialBinding.java,1
RoleModel.java,1
AbstractDelegationTokenBinding.java,1
AbstractS3ATokenIdentifier.java,1
S3ADelegationTokens.java,1
SessionTokenBinding.java,1
SessionTokenIdentifier.java,1
DirListingMetadata.java,1
S3Guard.java,1
S3GuardTool.java,1
InternalSelectConstants.java,1
OzoneClientAdapterImpl.java,1
OzoneFSStorageStatistics.java,1
OzoneFileSystem.java,7
Statistic.java,1
TestOzoneFileInterfaces.java,3
OzoneBucketStub.java,1
JournalNodeSyncer.java,8
DistCpUtils.java,4
TestDistCpUtils.java,2
TimelineReaderWebServices.java,4
HddsDispatcher.java,6
TestHddsDispatcher.java,1
FSImageHandler.java,1
TestOfflineImageViewer.java,13
ITestContainerChecks.java,1
AHSv2ClientImpl.java,1
TestAHSv2ClientImpl.java,1
TimelineEntityV2Converter.java,1
TestDFSIO.java,7
Container.java,7
Handler.java,2
DeleteContainerCommandHandler.java,1
KeyValueHandler.java,13
KeyValueContainerUtil.java,2
ContainerController.java,1
DeleteContainerCommand.java,1
ReplicationManager.java,4
TestContainerPersistence.java,9
TestDeleteContainerHandler.java,1
TestOzoneContainer.java,5
DiskBalancer.java,2
TestDiskBalancer.java,3
TestRMAppAttemptTransitions.java,10
Configuration.java,16
DeadNodeHandler.java,4
TestUtils.java,9
GpuResourceAllocator.java,2
ContainerReportHandler.java,4
CommandWithDestination.java,4
Checkpointer.java,3
SCMDatanodeProtocolServer.java,2
NeverRestartPolicy.java,2
OnFailureRestartPolicy.java,2
TestComponentRestartPolicy.java,1
TestServiceMonitor.java,1
OmBucketInfo.java,2
TestAppManager.java,9
TestOzoneFileSystem.java,2
DistributedFileSystem.java,23
ClientProtocol.java,10
NodeState.java,1
RMServerUtils.java,9
RMWebServices.java,14
TestRMServerUtils.java,2
TestAbortMultipartUpload.java,1
DatabaseHelper.java,1
TestContainerDataYaml.java,2
DelegationTokenAuthenticator.java,6
TestKMS.java,19
DFSZKFailoverController.java,3
NodesPage.java,3
CapacitySchedulerConfiguration.java,6
TestCapacityScheduler.java,25
XceiverClientManager.java,4
ContainerOperationClient.java,4
TestContainerStateMachineIdempotency.java,2
TestContainerSmallFile.java,4
TestGetCommittedBlockLengthAndPutKey.java,3
TestXceiverClientManager.java,5
ContainerDataYaml.java,2
ContainerReader.java,4
ITestDynamoDBMetadataStore.java,2
DecayRpcScheduler.java,8
TestSSLFactory.java,2
TestNameNodeMetrics.java,7
HdfsBlockLocation.java,2
TestAddStripedBlocks.java,3
TestOzoneManagerRatisServer.java,1
TestSecureLogins.java,1
DistCpConstants.java,3
DistCpOptionSwitch.java,2
TestDistCpOptions.java,1
AliyunOSSBlockOutputStream.java,1
AliyunOSSFileSystemStore.java,1
AliyunOSSUtils.java,1
TestAliyunCredentials.java,1
ComputeFairShares.java,3
FakeSchedulable.java,3
TestComputeFairShares.java,2
RMAdminCLI.java,9
KMSClientProvider.java,17
YarnClientImpl.java,10
TestYarnClient.java,11
GenericCli.java,1
StoragePolicyAdmin.java,6
SchedulerUtils.java,9
WordMedian.java,2
NetworkTopology.java,6
TestClusterTopology.java,2
Ls.java,3
RandomKeyGenerator.java,5
TestConfiguration.java,11
TestLs.java,2
ContainerWithPipeline.java,4
Pipeline.java,7
UnknownPipelineStateException.java,1
StorageContainerLocationProtocolClientSideTranslatorPB.java,4
StorageContainerLocationProtocolServerSideTranslatorPB.java,3
UpgradeComponentsFinder.java,3
TestYarnNativeServices.java,5
KeyValueBasedTimelineStore.java,1
MemoryTimelineStore.java,1
TimelineStoreMapAdapter.java,1
LevelDBCacheTimelineStore.java,1
HddsDatanodeService.java,3
TestHddsDatanodeService.java,1
TestOzoneDatanodeShell.java,1
TestBlockStorageMovementAttemptedItems.java,1
RequestHedgingProxyProvider.java,9
TestRequestHedgingProxyProvider.java,7
TestPread.java,5
TestMaintenanceState.java,3
TestListCorruptFileBlocks.java,2
TestEntityGroupFSTimelineStore.java,2
FairSchedulerConfiguration.java,3
TestFairSchedulerConfiguration.java,4
DefaultResourceCalculator.java,5
DominantResourceCalculator.java,7
ResourceCalculator.java,6
TestResourceCalculator.java,3
TestFairScheduler.java,35
FrameworkUploader.java,2
TestFrameworkUploader.java,2
TestComponentInstance.java,2
ContainerMetrics.java,7
ContainerStopMonitoringEvent.java,1
ContainersMonitorImpl.java,9
TestContainerMetrics.java,7
SCMMXBean.java,1
TestSCMMXBean.java,1
TestCGroupsHandlerImpl.java,5
FSEditLog.java,10
JournalSet.java,2
TestNNWithQJM.java,1
TestEditLog.java,4
TestEditLogJournalFailures.java,2
DelegationTokenAuthenticationFilter.java,6
AppNameMappingPlacementRule.java,1
PlacementRule.java,1
UserGroupMappingPlacementRule.java,1
ApiServer.java,4
ServiceClientTest.java,4
ServiceClient.java,11
LogAggregationFileController.java,4
DynamoDBMetadataStore.java,1
ContainerLaunch.java,22
TestContainerLaunch.java,16
LogsCLI.java,6
TestLogsCLI.java,4
ServiceScheduler.java,7
ComponentInstanceState.java,1
ServiceMonitor.java,1
TestServiceManager.java,1
TestComponent.java,1
hadoop-mapreduce,20
EventWriter.java,3
OzoneAddress.java,1
TestOzoneAddress.java,1
FSDirStatAndListingOp.java,8
TestQuota.java,7
CopyCommands.java,2
TestCopyPreserveFlag.java,3
SFTPFileSystem.java,3
SFTPInputStream.java,1
TestSFTPFileSystem.java,3
Device.java,1
DevicePlugin.java,1
DeviceRuntimeSpec.java,1
XceiverClientRatis.java,6
ChunkGroupOutputStream.java,10
AMRMClientImpl.java,6
BaseAMRMClientTest.java,1
TestAMRMClientPlacementConstraints.java,1
AMRMClientUtils.java,1
TestSCMNodeManager.java,1
XceiverServerGrpc.java,5
OMMetadataManager.java,1
OzoneManagerLock.java,2
FSParentQueue.java,10
FSQueue.java,7
QueueManager.java,7
TestFSParentQueue.java,2
TestQueueManager.java,2
ProgressBar.java,2
TestProgressBar.java,2
NodeManagerMXBean.java,1
NodeStateManager.java,1
MockNodeManager.java,4
ReplicationNodeManagerMock.java,4
TestSCMNodeManagerMXBean.java,1
TestKeyValueHandler.java,2
OzoneTestUtils.java,4
TestBlockDeletion.java,7
XceiverClientGrpc.java,6
XceiverClientSpi.java,2
TestLeaseRecovery2.java,5
DummyTimelineReaderMetrics.java,1
TestTimelineReaderWebServicesHBaseStorage.java,3
TimelineReaderMetrics.java,1
BlockDecompressorStream.java,1
TestBlockDecompressorStream.java,2
start-build,4
DefaultContainerExecutor.java,4
WindowsSecureContainerExecutor.java,5
ContainerRelaunch.java,2
ContainerLocalizer.java,5
ResourceLocalizationService.java,19
TestDefaultContainerExecutor.java,3
TestLinuxContainerExecutor.java,2
TestLinuxContainerExecutorWithMocks.java,6
TestContainerManager.java,8
TestContainerLocalizer.java,2
ContainerID.java,2
CommandForDatanode.java,1
DatanodeDeletedBlockTransactions.java,4
DeletedBlockLogImpl.java,6
CloseContainerEventHandler.java,9
TestDeletedBlockLog.java,6
TestSCMContainerManager.java,2
TestContainerPlacement.java,6
TestNodeFailure.java,3
TestSCMRestart.java,2
TestOzoneRestClient.java,2
TestCloseContainerHandlingByClient.java,7
TestOzoneRpcClient.java,4
TestCloseContainerByPipeline.java,6
TestCloseContainerHandler.java,5
TestFreonWithDatanodeFastRestart.java,2
TestFreonWithDatanodeRestart.java,2
TestContainerSQLCli.java,5
RestApiErrorMessages.java,5
ServiceApiUtil.java,8
TestServiceApiUtil.java,6
TestEndPoint.java,3
ContainerNotOpenException.java,1
InvalidContainerStateException.java,1
ContainerDispatcher.java,1
TestContainerStateMachineFailures.java,3
TestCSMMetrics.java,3
TestContainerServer.java,3
HttpServer2.java,11
FSImageFormatProtobuf.java,5
TestEnabledECPolicies.java,1
TestFSImage.java,8
TestNamenodeRetryCache.java,5
TestStripedINodeFile.java,2
TestRetryCacheWithHA.java,6
ShuffleHandler.java,11
DataStreamer.java,16
TestClientProtocolForPipelineRecovery.java,7
TestCapacitySchedulerAsyncScheduling.java,6
AbstractDelegationTokenSecretManager.java,4
TestJHSDelegationTokenSecretManager.java,1
TestRMDelegationTokens.java,3
PersistentLongFile.java,1
TestSaveNamespace.java,2
DatanodeDescriptor.java,10
HeartbeatManager.java,3
TestDataNodeLifeline.java,2
VersionEndpointTask.java,3
TestMiniOzoneCluster.java,5
ChunkUtils.java,2
ChunkManagerImpl.java,2
ChunkManager.java,1
TestChunkManagerImpl.java,1
BaseHttpServer.java,1
TestHttpFSServerWebServer.java,2
LoadBasedRouterPolicy.java,1
TestLoadBasedRouterPolicy.java,1
ContainerProtocolCalls.java,3
BlockUtils.java,2
SmallFileUtils.java,1
VolumeInfo.java,2
VolumeSet.java,6
TestHddsVolume.java,1
TestVolumeSet.java,4
MiniOzoneCluster.java,4
DFSStripedOutputStream.java,10
TestDFSStripedOutputStream.java,5
PipelineNotFoundException.java,1
PBImageTextWriter.java,1
CSMMetrics.java,2
TestBCSID.java,3
TestKeys.java,6
TestUpgradeDomainBlockPlacementPolicy.java,1
CGroupsMemoryResourceHandlerImpl.java,2
MemoryResourceHandler.java,1
TestCGroupsMemoryResourceHandlerImpl.java,2
TestPendingReconstruction.java,6
CGroupsHandler.java,2
DefaultOOMHandler.java,1
TestDefaultOOMHandler.java,1
RMContainerAllocator.java,13
TestRMContainerAllocator.java,12
TestReconstructStripedBlocksWithRackAwareness.java,1
CsiClient.java,1
CsiGrpcClient.java,1
ZStandardDecompressor.java,1
TestZStandardCompressorDecompressor.java,1
TestBlockManagerImpl.java,1
ChunkGroupInputStream.java,8
TestContainerReplication.java,1
TimelineCollectorManager.java,1
CommonConfigurationKeysPublic.java,4
ReplicationSupervisor.java,1
TestReplicationSupervisor.java,1
OfflineImageViewerPB.java,3
CopyCommitter.java,2
TestCopyCommitter.java,2
SlidingWindowRetryPolicy.java,3
TestSlidingWindowRetryPolicy.java,2
ChillModePrecheck.java,1
KMSAuthenticationFilter.java,3
TestKMSAuthenticationFilter.java,1
TestLayoutVersion.java,1
ImageWriter.java,1
BucketArgs.java,1
OmBucketArgs.java,1
OmKeyInfo.java,3
VolumeHandler.java,1
Accounting.java,1
Volume.java,1
KeyManager.java,5
ServiceListJSONServlet.java,1
GenerateOzoneRequiredConfigurations.java,1
FSImageFormatPBINode.java,7
HashResolver.java,1
DummyContainerManager.java,4
TestNodeManagerResync.java,6
BaseContainerManagerTest.java,9
TestContainerManagerRecovery.java,8
Dispatcher.java,8
WebAppProxyServlet.java,6
ZStandardCompressor.java,1
TestOzoneFsRenameDir.java,1
ContainerException.java,1
ContainerNotFoundException.java,1
ContainerReplicaNotFoundException.java,1
StorageContainerLocationProtocol.java,3
CommandStatusReportPublisher.java,1
TestReportPublisher.java,2
CloseContainerWatcher.java,2
ContainerReplica.java,1
ContainerStateMap.java,5
HddsTestUtils.java,1
TestContainerStateManager.java,4
TestReplicationManager.java,3
TestCloseContainerWatcher.java,2
SCMCLI.java,1
ListSubcommand.java,1
TestContainerStateManagerIntegration.java,3
TestStorageContainerManager.java,5
TestContainerReportWithKeys.java,2
BenchMarkContainerStateMap.java,4
SQLCLI.java,6
TestResourceUtils.java,1
TestClientRMService.java,16
DelegationTokenIssuer.java,3
TestBlockReaderLocal.java,2
TestSimplePipelineProvider.java,1
ConfigFile.java,2
TestDefaultUpgradeComponentsFinder.java,2
TestConfigurationDeprecation.java,2
TestOmInit.java,1
LocalDirsHandlerService.java,4
TestDiskFailures.java,2
SLSRunner.java,6
TestSecureApiServiceClient.java,2
TestMetadataStore.java,4
OzoneConsts.java,7
MetadataKeyFilters.java,4
ContainerReport.java,4
KeyValueContainerReport.java,3
KeyValueContainerData.java,4
TestChunkStreams.java,1
ScmConfigKeys.java,1
KeyProviderDelegationTokenExtension.java,3
KeyProviderTokenIssuer.java,2
TestFilterFileSystem.java,3
TestHarFileSystem.java,4
TestEncryptionZones.java,16
MetadataStoreBuilder.java,1
TestRocksDBStoreMBean.java,1
ContainerCache.java,1
TestXceiverClientMetrics.java,2
DelegationTokenFetcher.java,4
RegisterEndpointTask.java,2
StorageContainerNodeProtocol.java,1
NodeManager.java,16
SCMDatanodeHeartbeatDispatcher.java,1
TestNodeManager.java,2
TestSCMDatanodeHeartbeatDispatcher.java,1
YarnServiceConf.java,3
DelegationTokenAuthenticatedURL.java,1
KMSUtil.java,2
TestKeyProviderDelegationTokenExtension.java,1
TestKMSClientProvider.java,1
DFSClient.java,33
HdfsKMSUtil.java,1
GetOpParam.java,1
JsonUtil.java,3
TestWebHDFS.java,13
TestNameNodeMetadataConsistency.java,2
DeleteVolumeHandler.java,2
InfoVolumeHandler.java,2
UpdateVolumeHandler.java,2
ClusterNodeTracker.java,3
TestContainerAllocation.java,10
Pre21JobHistoryConstants.java,1
BlockPoolSlice.java,6
ReplicaMap.java,3
DFSStripedInputStream.java,5
ReaderStrategy.java,1
StripeReader.java,1
IOUtilsClient.java,1
StripedBlockUtil.java,3
ErasureCodingWorker.java,4
StripedBlockReader.java,3
StripedReader.java,2
StripedReconstructor.java,3
TestDistributedFileSystemWithECFile.java,3
TestRMAdminCLI.java,5
TestRMWebServicesApps.java,13
RouterWebHDFSContract.java,1
YarnServiceUtils.java,1
OzoneConfigKeys.java,1
HddsVolumeUtil.java,1
KMSJSONReader.java,1
TestTimelineClient.java,4
BaseTestHttpFSWith.java,8
RegularContainerAllocator.java,8
TestNodeLabelContainerAllocation.java,7
FederationClientInterceptor.java,1
TestFederationClientInterceptor.java,1
OzoneContainer.java,4
CreateBucketHandler.java,1
InfoBucketHandler.java,1
ListBucketHandler.java,1
ListKeyHandler.java,1
CreateVolumeHandler.java,2
ResourceLimits.java,2
TestRBWBlockInvalidation.java,2
RMStateStore.java,8
MockMemoryRMStateStore.java,1
CustomResourceTypesConfigurationProvider.java,3
FairSchedulerJsonVerifications.java,3
FairSchedulerXmlVerifications.java,3
TestRMWebServicesFairScheduler.java,4
TestRMWebServicesFairSchedulerCustomResourceTypes.java,3
AppInfoJsonVerifications.java,3
AppInfoXmlVerifications.java,3
BufferedClientResponse.java,3
ResourceRequestsJsonVerifications.java,3
ResourceRequestsXmlVerifications.java,3
JobResourceUploader.java,5
SCMConnectionManager.java,2
TrashPolicyDefault.java,7
TestTrash.java,3
EventQueue.java,2
Util.java,1
EditLogTailer.java,4
MiniDFSNNTopology.java,1
TestEditLogTailer.java,4
TestDataNodeMultipleRegistrations.java,1
StateContext.java,2
CloseContainerCommand.java,2
SCMException.java,1
PipelineSelector.java,6
DirectorySnapshottableFeature.java,5
TestSnapshotDiffReport.java,3
TestErrorCode.java,1
BlockPlacementPolicyDefault.java,13
TestReplicationPolicy.java,4
HttpFSFileSystem.java,4
FSOperations.java,4
MRAppBenchmark.java,2
InitDatanodeState.java,2
StringUtils.java,4
TestStringUtils.java,4
BlockSender.java,9
hadoop-assemblies,3
Resource.java,7
ContainerMapping.java,9
RatisManagerImpl.java,5
StandaloneManagerImpl.java,4
XceiverClient.java,3
XceiverClientHandler.java,1
XceiverClientInitializer.java,1
XceiverServer.java,3
XceiverServerHandler.java,1
XceiverServerInitializer.java,1
TrafficControlBandwidthHandlerImpl.java,2
JavaSandboxLinuxContainerRuntime.java,3
Artifact.java,1
Error.java,1
KerberosPrincipal.java,1
PlacementConstraint.java,1
PlacementPolicy.java,1
PlacementScope.java,1
PlacementType.java,1
ReadinessCheck.java,1
ResourceInformation.java,1
Service.java,1
ServiceState.java,1
ServiceStatus.java,1
ChunkInputStream.java,2
TestDataValidate.java,1
hadoop-dist,2
TestTimelineReaderWebServicesBasicAcl.java,3
JsonUtilClient.java,7
GetAttributesToNodesRequest.java,1
GetAttributesToNodesResponse.java,1
GetNodesToAttributesRequest.java,1
GetNodesToAttributesResponse.java,1
NodeAttributesManager.java,1
DBConfigFromFile.java,1
PipelineActionEventHandler.java,1
TaskAttemptsInfo.java,1
TestAMWebServicesAttempts.java,3
BlockManagerSafeMode.java,3
TestBlockManagerSafeMode.java,2
CryptoStreamUtils.java,1
NativeIO.java,4
CleanerUtil.java,1
ReplicateContainerCommandHandler.java,1
TestReplicateContainerCommandHandler.java,1
TestMRAppMetrics.java,1
TestTaskAttemptContainerRequest.java,1
FSEditLogAsync.java,2
TestEditLogRace.java,2
HddsClientUtils.java,1
TestDFSStripedOutputStreamWithFailure.java,6
NoECPolicySetException.java,1
FSDirErasureCodingOp.java,6
ECAdmin.java,4
TestUnsetAndChangeDirectoryEcPolicy.java,2
RouterAdminServer.java,1
OzoneInputStream.java,1
OmMetadataManagerImpl.java,2
TestKeyDeletingService.java,2
ZKCuratorManager.java,3
TestZKCuratorManager.java,2
TestStateStoreZK.java,1
TestOzoneManager.java,1
HistoryFileManager.java,11
TestHistoryFileManager.java,4
KeyDeletingService.java,1
ScmBlockLocationTestIngClient.java,1
RouterAdmin.java,3
TestRouterAdminCLI.java,3
InfoKeyHandler.java,1
EventWatcher.java,2
CommandStatusReportHandler.java,1
SCMEvents.java,2
TestIPC.java,7
MiniYARNCluster.java,7
ITestNativeAzureFileSystemConcurrencyLive.java,1
KMSConfiguration.java,2
KMSWebApp.java,4
KMSWebServer.java,3
ChunkOutputStream.java,3
BlockID.java,1
AllocatedBlock.java,1
KeyData.java,1
HddsVersionInfo.java,1
ContainerUtils.java,2
ContainerSet.java,3
OpenContainerBlockMap.java,2
CommandStatus.java,1
ScmTestMock.java,1
TestHandler.java,1
TestHeartbeatEndpointTask.java,1
TestRoundRobinVolumeChoosingPolicy.java,2
TestEventQueue.java,1
SCMBlockDeletingService.java,3
Node2ContainerMap.java,1
NodeNotFoundException.java,1
ReportResult.java,1
Node2PipelineMap.java,2
TestCommandStatusReportHandler.java,1
TestContainerMapping.java,5
TestSCMContainerPlacementCapacity.java,1
TestSCMContainerPlacementRandom.java,1
TestReplicationQueue.java,1
TestNodeReportHandler.java,2
ObjectStore.java,1
RatisTestHelper.java,2
TestStorageContainerManagerHelper.java,3
ContainerTestHelper.java,4
TestOzoneContainerRatis.java,1
TestRatisManager.java,1
TestAllocateContainer.java,2
TestOzoneWebAccess.java,2
TestBuckets.java,1
TestBucketsRatis.java,1
TestKeysRatis.java,1
ReencryptionHandler.java,4
ReencryptionUpdater.java,4
TestDistributedFileSystem.java,10
GrpcXceiverService.java,1
DockerLinuxContainerRuntime.java,12
Shuffle.java,1
ShuffleClientMetrics.java,1
TestShuffleClientMetrics.java,1
SchedulerMetrics.java,1
TestOmBlockVersioning.java,1
LocalResourcesTrackerImpl.java,4
TestResourceLocalizationService.java,13
TestAMLaunchFailure.java,1
TestSchedulerNegotiator.java,1
TestTimelineServiceClientIntegration.java,2
TestTimelineAuthFilterForV2.java,1
PerNodeTimelineCollectorsAuxService.java,2
ContainerData.java,5
RandomContainerDeletionChoosingPolicy.java,1
TopNOrderedContainerDeletionChoosingPolicy.java,1
ContainerDeletionChoosingPolicy.java,1
TestKeyValueContainerData.java,1
TestBlockDeletingService.java,4
TestSSLHttpServer.java,2
YarnConfiguration.java,12
AsyncLogger.java,1
AsyncLoggerSet.java,1
IPCLoggerChannel.java,2
QJournalProtocol.java,1
QJournalProtocolServerSideTranslatorPB.java,1
QJournalProtocolTranslatorPB.java,1
JNStorage.java,2
Journal.java,4
JournalNodeRpcServer.java,2
BackupJournalManager.java,1
FSImage.java,9
FileJournalManager.java,4
JournalManager.java,1
NameNode.java,14
TestEpochsAreUnique.java,1
TestQJMWithFaults.java,2
TestQuorumJournalManager.java,4
TestQuorumJournalManagerUnit.java,1
TestJournal.java,1
TestJournalNode.java,4
TestJournalNodeMXBean.java,2
TestJournalNodeSync.java,2
TestGenericJournalConf.java,1
AbstractContractDistCpTest.java,2
TestContainerExecutor.java,2
BlockInfo.java,3
DataNodeTestUtils.java,3
TestRefreshUserMappings.java,4
TestContainerStateMachine.java,1
TestDirectoryScanner.java,6
DatanodeManager.java,12
DFSck.java,6
TestFsck.java,12
DeletedBlockLog.java,2
PendingDeleteHandler.java,1
PendingDeleteStatusList.java,1
KeyUtils.java,1
AllocationTagsManager.java,1
TestAllocationTagsManager.java,1
TestPlacementConstraintsUtil.java,1
InMemoryAliasMapProtocolClientSideTranslatorPB.java,1
InMemoryLevelDBAliasMapServer.java,1
TestInMemoryLevelDBAliasMapClient.java,1
OzoneAcl.java,1
ContainersLauncher.java,1
TestContainer.java,6
TestErasureCodingPolicies.java,8
OMMetrics.java,1
PutKeyHandler.java,1
ResourceManager.java,22
RMWSConsts.java,1
RMWebServiceProtocol.java,1
ClusterUserInfo.java,1
TestRMWebServices.java,5
DefaultRequestInterceptorREST.java,1
FederationInterceptorREST.java,2
RouterWebServices.java,2
MockRESTRequestInterceptor.java,1
PassThroughRESTRequestInterceptor.java,1
TestRMHA.java,6
LookupTask.java,1
RegistryDNS.java,5
TestRegistryDNS.java,4
ActivitiesManager.java,1
TestDominantResourceFairnessPolicy.java,2
HddsUtils.java,1
TestAMRestart.java,12
ChecksumFs.java,3
FileContextMainOperationsBaseTest.java,4
SQLFederationStateStore.java,1
FederationStateStoreBaseTest.java,1
ApplicationSubmissionContextPBImpl.java,3
NMLeveldbStateStoreService.java,9
TestNMLeveldbStateStoreService.java,7
AppLogAggregator.java,2
AppLogAggregatorImpl.java,11
LogAggregationService.java,7
LogHandler.java,1
NonAggregatingLogHandler.java,2
LogHandlerEventType.java,1
LogHandlerTokenUpdatedEvent.java,1
AbstractClientProvider.java,2
DefaultClientProvider.java,1
DockerClientProvider.java,1
TarballClientProvider.java,1
TestAbstractClientProvider.java,1
TestDefaultClientProvider.java,1
UserGroupInformation.java,14
TestUserGroupInformation.java,6
TestContainerCloser.java,3
Mkdir.java,1
TestDFSShell.java,10
DefaultImpersonationProvider.java,2
TestDefaultImpersonationProvider.java,1
KeyValueContainerLocationUtil.java,1
EndpointStateMachine.java,1
BlockDeletingService.java,3
TypedEvent.java,1
BlockDeletingServiceTestImpl.java,1
TestWorkPreservingRMRestart.java,11
TestPlacementManager.java,1
AllocateResponsePBImpl.java,2
TestProtos.java,2
TestContainerResizing.java,4
HddsVolume.java,3
AlwaysRestartPolicy.java,1
ComponentRestartPolicy.java,1
AbstractProviderService.java,2
TestAbstractLauncher.java,2
ContainerScheduler.java,6
NMNullStateStoreService.java,2
NMStateStoreService.java,3
TestContainerSchedulerRecovery.java,1
TestNodeManagerMetrics.java,4
NMMemoryStateStoreService.java,2
VolumeUsage.java,1
ContainerAllocation.java,3
LocalResourceBuilder.java,1
TestMRApps.java,2
AllocationConfiguration.java,2
FairSharePolicy.java,10
TestSchedulerApplicationAttempt.java,6
TestGroupsCaching.java,1
Token.java,4
TestToken.java,1
TestLargeBlock.java,1
NodeInfo.java,3
RMNodeWrapper.java,4
RMNode.java,3
SchedulerNode.java,5
MockNodes.java,6
TestAbstractYarnScheduler.java,10
GetKeyHandler.java,1
BlockRecoveryWorker.java,5
GenericTestUtils.java,11
NodeReportHandler.java,1
Groups.java,2
TestServiceCLI.java,2
S3AInputStream.java,1
TestReencryption.java,7
TestApplication.java,1
FileContext.java,8
TestFileContext.java,1
AggregatedLogFormat.java,7
BlockReaderFactory.java,7
TestShortCircuitCache.java,6
ReplicaNotFoundException.java,1
AbstractContainerAllocator.java,3
OzoneClientFactory.java,1
KsmUtils.java,1
RouterClientRMService.java,1
RouterRMAdminService.java,1
TestRouterClientRMService.java,1
TestRouterRMAdminService.java,1
TestRouterWebServices.java,1
AppInfo.java,13
SchedulerInfo.java,2
TestRMWebServicesAppsCustomResourceTypes.java,2
TestRMWebServicesCapacitySched.java,7
TestRMWebServicesConfigurationMutation.java,2
TestRMWebServicesSchedulerActivities.java,2
JsonCustomResourceTypeTestcase.java,2
XmlCustomResourceTypeTestCase.java,2
BlockReaderLocal.java,1
BlockReaderLocalLegacy.java,1
BlockReaderRemote.java,1
BlockReaderTestUtil.java,1
TestBlockTokenWithDFS.java,2
RollingLevelDBTimelineStore.java,4
TimelineDataManager.java,1
TimelineWebServices.java,3
TestTimelineWebServices.java,2
TimelineFromIdConverter.java,1
Mapping.java,3
ContainerCloser.java,3
CloseContainerHandler.java,1
DeleteContainerHandler.java,1
InfoContainerHandler.java,1
OzonePBHelper.java,1
TestContainerOperations.java,1
TestSCMCli.java,1
TextFileRegionAliasMap.java,1
ITestProvidedImplementation.java,1
ActiveStandbyElector.java,6
ZKFailoverController.java,5
TestRMEmbeddedElector.java,5
AbstractPreemptableResourceCalculator.java,1
CapacitySchedulerPreemptionContext.java,1
CapacitySchedulerPreemptionUtils.java,3
PreemptableResourceCalculator.java,1
PreemptionCandidatesSelector.java,1
QueuePriorityContainerCandidateSelector.java,4
ReservedContainerCandidatesSelector.java,2
TempQueuePerPartition.java,2
TestPreemptionForQueueWithPriorities.java,2
TestProportionalCapacityPreemptionPolicyPreemptToBalance.java,1
TestCapacitySchedulerSurgicalPreemption.java,2
GpuResourceHandlerImpl.java,2
MockContainer.java,1
WebApps.java,2
HttpExceptionUtils.java,2
JsonSerialization.java,1
KMSJSONWriter.java,1
ConfRefreshTokenBasedAccessTokenProvider.java,2
CredentialBasedAccessTokenProvider.java,2
JobSubmitter.java,3
JsonUtils.java,1
ClusterMetricsInfo.java,2
MetricsConfig.java,1
TestSecureEncryptionZoneWithKMS.java,3
AllocationFileLoaderService.java,5
PipelineChannel.java,1
BenchMarkDatanodeDispatcher.java,1
ShellBasedUnixGroupsMapping.java,3
TestShellBasedUnixGroupsMapping.java,2
ResourceGzMojo.java,1
DirectoryScanner.java,6
CommandDispatcher.java,1
XceiverServerSpi.java,1
TimelineServiceV1Publisher.java,3
TestFileOutputCommitter.java,1
Verifier.java,1
TestGenerateOzoneRequiredConfigurations.java,1
HeartbeatEndpointTask.java,1
StateStoreZooKeeperImpl.java,1
ZookeeperFederationStateStore.java,1
ZKRMStateStore.java,13
ZKConfigurationStore.java,2
TestZKRMStateStore.java,10
TestZKRMStateStoreZKClientConnections.java,1
DeleteBlocksCommandHandler.java,1
TestKeySpaceManager.java,1
KSMMetadataManagerImpl.java,1
ConfiguredFailoverProxyProvider.java,3
FSDirWriteFileOp.java,9
DFSTestUtil.java,14
TestErasureCodingExerciseAPIs.java,1
AuxServices.java,4
TestAuxServices.java,4
WebImageViewer.java,1
TestHistoryViewerPrinter.java,3
FsUrlConnection.java,2
TestUrlStreamHandlerFactory.java,1
FSPermissionChecker.java,6
PlatformAssumptions.java,3
TestCGroupElasticMemoryController.java,2
TestAllocationFileLoaderService.java,4
TestDatasetVolumeChecker.java,1
DelegationTokenRenewer.java,6
TestDelegationTokenRenewer.java,8
NoOverCommitPolicy.java,1
ServiceMaster.java,1
AmIpFilter.java,5
TestSecureAmFilter.java,1
TestSchedulingRequestContainerAllocation.java,1
FSDirAttrOp.java,7
TestPermission.java,7
DatanodeDetails.java,1
RatisHelper.java,1
TestKeySpaceManagerRestInterface.java,1
TestDistributedOzoneVolumes.java,1
TestLocalOzoneVolumes.java,1
TestOzoneClient.java,1
TestVolume.java,1
TestVolumeRatis.java,1
OzoneHddsDatanodeService.java,1
KeySpaceManager.java,1
TestOzoneFSInputStream.java,1
StorageLocationReport.java,2
ContainerLocationManagerMXBean.java,1
StorageLocationReportMXBean.java,1
ProviderUtils.java,3
TestProviderUtils.java,1
HsJobBlock.java,4
TestHsJobBlock.java,1
Controller.java,1
View.java,1
SCMNodeStat.java,1
SCMNodeStorageStatMXBean.java,1
SCMNodeStorageStatMap.java,1
StorageReportResult.java,1
TestSCMNodeStorageStatMap.java,1
TestDataNodeFaultInjector.java,1
PBHelperClient.java,12
ContainerTokenIdentifier.java,4
TestYARNTokenIdentifier.java,3
TestAggregatedLogFormat.java,2
TestHBaseTimelineStorageApps.java,3
TestHBaseTimelineStorageDomain.java,1
TestHBaseTimelineStorageEntities.java,3
TestHBaseTimelineStorageSchema.java,1
TestHBaseStorageFlowActivity.java,3
TestHBaseStorageFlowRun.java,3
TestHBaseStorageFlowRunCompaction.java,3
SchedConfCLI.java,1
YarnWebServiceUtils.java,1
TestFsDatasetImpl.java,14
ElasticByteBufferPool.java,1
TestDFSStripedInputStream.java,4
DatanodeID.java,1
TestDataXceiverBackwardsCompat.java,1
IOUtils.java,6
AMRMTokenIdentifier.java,1
NMTokenIdentifier.java,1
LogAggregationDFSException.java,1
LogAggregationTFileController.java,3
TestContainerLogsUtils.java,1
TestAppLogAggregatorImpl.java,2
TestNMWebServices.java,2
DiskChecker.java,2
TestDiskChecker.java,3
TestDiskCheckerWithDiskIo.java,1
PageBlobOutputStream.java,2
SyncableDataOutputStream.java,2
ITestOutputStreamSemantics.java,1
ContainerLocationManagerImpl.java,1
ContainerStorageLocation.java,1
AbstractLauncher.java,2
TestDockerContainerRuntime.java,4
KsmKeyInfo.java,1
KeySpaceManagerProtocolClientSideTranslatorPB.java,1
KeySpaceManagerProtocolServerSideTranslatorPB.java,1
LocalDistributedCacheManager.java,2
LocalJobRunner.java,3
S3AInstrumentation.java,1
ITestS3AMetrics.java,1
ServerRMProxy.java,2
TestServerRMProxy.java,1
MockServiceAM.java,2
TestServiceAM.java,2
TestDockerClient.java,1
TestContainerSchedulerQueuing.java,4
AllocationFileQueueParser.java,1
TestQueueState.java,1
ReadaheadPool.java,1
FadvisedChunkedFile.java,1
TestFadvisedChunkedFile.java,1
CGroupsBlkioResourceHandlerImpl.java,1
CGroupsCpuResourceHandlerImpl.java,1
NetworkPacketTaggingHandlerImpl.java,1
ResourceHandler.java,1
ResourceHandlerChain.java,1
FpgaResourceHandlerImpl.java,1
NumaResourceHandlerImpl.java,1
TestCGroupsCpuResourceHandlerImpl.java,1
TestResourcePluginManager.java,1
TestHdfsHelper.java,3
ContainerRequestCreator.java,1
UnitsConversionUtil.java,1
ResourceTypesTestHelper.java,1
BuilderUtils.java,6
TestApplicationMasterService.java,4
TestSchedulerUtils.java,2
PageBlobInputStream.java,3
ITestPageBlobInputStream.java,1
DefaultLinuxContainerRuntime.java,7
RollingFileSystemSinkTestBase.java,4
RMAuthenticationFilterInitializer.java,1
TimelineAuthenticationFilterInitializer.java,2
TestRMAuthenticationFilter.java,1
ConfTest.java,2
TestFileSystemApplicationHistoryStore.java,2
TokenCache.java,1
TestTokenCache.java,1
CoreFileSystem.java,2
LocalReplica.java,2
TestFileAppend.java,5
DockerClientConfigHandler.java,2
TimelineServiceV2Publisher.java,4
TestSystemMetricsPublisher.java,7
TestSystemMetricsPublisherForV2.java,4
TestProportionalCapacityPreemptionPolicyInterQueueWithDRF.java,1
JobHistoryEventHandler.java,10
TestJobHistoryEventHandler.java,6
AuthenticationFilterInitializer.java,2
TestDataNodeHotSwapVolumes.java,9
TestCBlockServer.java,1
TestCBlockServerPersistence.java,1
HumanReadableHistoryViewerPrinter.java,3
JSONHistoryViewerPrinter.java,2
KMSTokenRenewer.java,1
TestMiniDFSCluster.java,4
DFSUtilClient.java,10
NameNodeUtils.java,1
TestClientNameNodeAddress.java,1
TestWriteToReplica.java,4
FSEditLogOp.java,5
TestApplicationMasterLauncher.java,4
TestRMAdminService.java,7
OfflineImageReconstructor.java,7
DFSOutputStream.java,12
DFSPacket.java,1
TestDFSPacket.java,1
TaskAttemptImpl.java,11
TaskImpl.java,4
TestTaskImpl.java,3
TestUserGroupMappingPlacementRule.java,1
TestAmFilter.java,5
AbstractSchedulerPlanFollower.java,1
DirectoryCollection.java,2
NotRunningJob.java,3
TestClientServiceDelegate.java,2
TestYARNRunner.java,6
ApplicationReport.java,3
ProtocolHATestBase.java,5
TestAHSClient.java,2
TestYarnCLI.java,7
ApplicationReportPBImpl.java,2
TestApplicatonReport.java,2
AppBlock.java,8
AppsBlock.java,4
ApplicationStateData.java,2
ApplicationStateDataPBImpl.java,2
RMApp.java,5
RMAppEvent.java,4
RMAppEventType.java,4
RMAppAttemptEvent.java,3
FairSchedulerAppsBlock.java,4
RMAppsBlock.java,7
MockAsm.java,5
RMStateStoreTestBase.java,3
TestFSRMStateStore.java,3
MockRMApp.java,4
TestRMAppTransitions.java,10
TestRMWebApp.java,5
ClientAMService.java,2
ShortCircuitCache.java,1
MiniHadoopClusterManager.java,1
IrqHandler.java,1
HistoryServerLeveldbStateStoreService.java,1
LeveldbRMStateStore.java,3
FsDatasetAsyncDiskService.java,2
TestApiServer.java,1
RPC.java,2
WritableRpcEngine.java,1
RpcMetrics.java,2
FSTreeTraverser.java,1
TestReencryptionHandler.java,2
HadoopExecutors.java,1
EncryptionZoneManager.java,8
BlockIdManager.java,4
BlocksMap.java,2
CorruptReplicasMap.java,5
InvalidateBlocks.java,5
TestCorruptReplicaInfo.java,2
TimelineClientImpl.java,7
TimelineUtils.java,1
TestCombinedSystemMetricsPublisher.java,1
TimelineReaderServer.java,1
LogAggregationIndexedFileController.java,2
KeyProvider.java,5
TestNetworkTopology.java,2
RMActiveServiceContext.java,2
RMContextImpl.java,3
CapacitySchedulerHealthInfo.java,1
TestContainerLogsPage.java,3
FSDirEncryptionZoneOp.java,10
FSDirXAttrOp.java,4
XAttrStorage.java,1
StatePool.java,1
TestHistograms.java,1
LogInfo.java,1
PluginStoreTestUtils.java,1
TestLogInfo.java,1
AdlFileSystem.java,3
NativeAzureFileSystem.java,20
TestNativeAzureFileSystemBlockLocations.java,1
TestLocalDistributedCacheManager.java,1
DistributedShellTimelinePlugin.java,1
ThreadUtil.java,2
VersionInfo.java,3
TestWebHdfsTimeouts.java,3
FileContextTestHelper.java,2
DatanodeHttpServer.java,4
TestBlockRecovery.java,7
TestDataNodeVolumeFailureToleration.java,5
TestDFSAdmin.java,6
DiskBalancerCluster.java,2
TestShellDecryptionKeyProvider.java,2
PublishedConfigurationOutputter.java,1
TestProcfsBasedProcessTree.java,4
TestCGroupsResourceCalculator.java,1
TestReadStripedFileWithMissingBlocks.java,2
ZoneReencryptionStatus.java,1
AdminHelper.java,3
TestTaskAttempt.java,6
TestBlockStatsMXBean.java,3
TestDataNodeVolumeFailureReporting.java,7
TestDataNodeVolumeMetrics.java,1
TestDiskBalancerCommand.java,3
HdfsFileStatus.java,3
SnapshottableDirectoryStatus.java,2
TestBalancerWithMultipleNameNodes.java,2
MaxRunningAppsEnforcer.java,1
DistCpOptions.java,4
RetriableFileCopyCommand.java,3
TestCopyMapper.java,4
ThrottledInputStream.java,1
WebHdfsHandler.java,4
TestWebHdfsUrl.java,1
HdfsAdmin.java,3
FileStatus.java,4
Apps.java,3
AuxiliaryServiceHelper.java,2
DelegatingLinuxContainerRuntime.java,6
ContainerRuntime.java,4
DiskBalancerTestUtil.java,1
TestDiskBalancerRPC.java,1
TestSwiftFileSystemBlockLocation.java,1
PlacementConstraintParser.java,1
HADOOP-15286. Remove unused imports from TestKMSWithZK.java,1
TestKMSWithZK.java,1
ExecuteCommand.java,1
DiskBalancerCLI.java,1
TestHadoopArchiveLogs.java,4
ResourceSet.java,1
RetryPolicy.java,1
DirectoryDiffList.java,1
ReadOnlyList.java,1
TestDirectoryDiffList.java,1
CryptoAdmin.java,3
SecureDataNodeStarter.java,1
TestSaslDataTransfer.java,4
TestDFSInotifyEventInputStreamKerberized.java,1
MiniQJMHACluster.java,1
TestPerNodeTimelineCollectorsAuxService.java,1
TestCacheDirectives.java,5
LeaseRenewer.java,2
RequestHedgingRMFailoverProxyProvider.java,4
RegistrySecurity.java,5
FSDirConcatOp.java,4
FSDirDeleteOp.java,3
FSDirRenameOp.java,3
FSDirSnapshotOp.java,3
NameNodeAdapter.java,1
TestAuditLogger.java,2
TestAuditLoggerWithCommands.java,2
BZip2Codec.java,4
TestConcatenatedCompressedInput.java,1
FifoIntraQueuePreemptionPlugin.java,4
TestTruncateQuotaUpdate.java,1
TestHdfsFileStatusMethods.java,1
DummyGroupMapping.java,1
Listing.java,1
S3AFileSystem.java,5
AllocateRequest.java,2
AllocateResponse.java,2
NMContainerStatus.java,1
ResourcePluginManager.java,1
RMNodeStatusEvent.java,2
BatchedRequests.java,1
PlacementDispatcher.java,1
TestResourceTrackerService.java,8
ProportionalCapacityPreemptionPolicyMockFramework.java,5
TestTextInputFormat.java,3
ReplicaInfo.java,2
DelegationTokenSecretManager.java,3
FSNamesystemLock.java,1
RwLock.java,1
TestSecurityTokenEditLog.java,1
TestFixedLengthInputFormat.java,1
LocalFileSystem.java,1
FailoverController.java,1
HealthMonitor.java,1
RetryUtils.java,2
DNS.java,1
AbstractService.java,1
ServiceOperations.java,1
TestServiceOperations.java,1
DFSClientCache.java,1
OpenFileCtx.java,3
RpcProgramNfs3.java,3
DataXceiver.java,9
StandbyCheckpointer.java,5
MiniDFSClusterManager.java,1
Gridmix.java,1
HttpInputStreamWithRelease.java,1
BlockPoolManager.java,1
SlowDiskTracker.java,2
IndexedFileAggregatedLogsBlock.java,2
TestLogAggregationFileControllerFactory.java,1
TestLogAggregationIndexFileController.java,1
BlockReconstructionWork.java,2
ErasureCodingWork.java,2
ReplicationWork.java,3
LeaseManager.java,8
TestSnapshotDeletion.java,4
ClientContext.java,1
DomainSocketFactory.java,2
TestBlockReaderFactory.java,1
HAUtil.java,4
TestContainerRelaunch.java,1
RunJar.java,2
TestRunJar.java,1
TestMiniYarnClusterNodeUtilization.java,1
FSDownload.java,2
TestFSDownload.java,1
CopyFilter.java,1
LowRedundancyBlocks.java,3
TestLowRedundancyBlockQueues.java,2
TestErasureCodingPolicyWithSnapshot.java,2
SaslDataTransferClient.java,1
TestRMHAForAsyncScheduler.java,2
NMTimelinePublisher.java,1
HBaseTimelineWriterImpl.java,3
TestErasureCodingMultipleRacks.java,3
TaskAttemptListenerImpl.java,5
TestTaskAttemptListenerImpl.java,2
Task.java,5
AuthorizationException.java,1
EncryptionFaultInjector.java,1
MRAppMaster.java,11
CachedHistoryStorage.java,1
TestJobHistory.java,1
RegistryPathUtils.java,1
RegistryUtils.java,1
BaseServiceRecordProcessor.java,1
TestRegistryPathUtils.java,1
AmFilterInitializer.java,3
ShortCircuitRegistry.java,4
NMSimulator.java,1
MockNM.java,3
TestRMNodeTransitions.java,6
TestRMAppLogAggregationStatus.java,1
TarballProviderService.java,1
AppAdminClient.java,1
ApplicationCLI.java,5
TestDecayRpcScheduler.java,2
Credentials.java,4
TestIOUtils.java,2
ParameterizedSchedulerTestBase.java,3
TestFSAppAttempt.java,3
ResourceUtils.java,4
AdminService.java,11
TestCapacitySchedulerWithMultiResourceTypes.java,1
FsShell.java,4
TestFsShellList.java,1
ServiceRegistryUtils.java,1
StripedFileTestUtil.java,2
TestLeaseRecoveryStriped.java,2
TestContainerManagerSecurity.java,5
BPOfferService.java,8
HADOOP-15172. Fix the javadoc warning in WriteOperationHelper.java,1
WriteOperationHelper.java,2
FifoScheduler.java,14
TestReconstructStripedFile.java,2
INodeFile.java,13
TestOpenFilesWithSnapshot.java,6
TestDNFencingWithReplication.java,1
Command.java,2
ReportCommand.java,1
TestStripedBlockUtil.java,1
FileChecksumHelper.java,1
TestEncryptedTransfer.java,3
ReconfigurableBase.java,3
CapacitySchedulerPage.java,12
PartitionResourcesInfo.java,1
ResourcesInfo.java,1
TestRMWebServicesForCSWithPartitions.java,1
TestJvmMetrics.java,2
NodeManagerMetrics.java,2
SaslDataTransferServer.java,1
TestFixKerberosTicketOrder.java,1
MockAM.java,5
TestBalancer.java,10
AbstractFpgaVendorPlugin.java,1
IntelFpgaOpenclPlugin.java,1
CSQueueUtils.java,3
FSDirectory.java,13
XAttrPermissionFilter.java,1
TestReservedRawPaths.java,2
FSXAttrBaseTest.java,4
FSImageTestUtil.java,2
FileUtil.java,5
MapFile.java,2
TestCodec.java,1
MiniKMS.java,5
DtFileOperations.java,1
TestDtUtilShell.java,1
BlockReceiver.java,13
VersionInfoMojo.java,3
ErasureCodeConstants.java,1
FSEditLogLoader.java,6
OfflineEditsViewerHelper.java,1
LocatedBlocks.java,1
TestFileChecksum.java,2
TestStandbyInProgressTail.java,1
TestRMWebServicesDelegationTokenAuthentication.java,1
INode.java,5
TestFileTruncate.java,10
YARNDelegationTokenIdentifier.java,1
FileSystemRMStateStore.java,3
RMStateStoreUtils.java,1
RMDelegationTokenIdentifierData.java,1
TestClientRMTokens.java,2
TestRMStateStoreUtils.java,1
TestViewFSStoragePolicyCommands.java,2
TaskAttemptStatusUpdateEvent.java,1
TestFetchFailure.java,2
TestMRClientService.java,1
TestSpeculativeExecutionWithMRApp.java,1
RawLocalFileSystem.java,7
FsPermission.java,6
TestFsPermission.java,2
TestNativeIO.java,3
StatUtils.java,1
PendingRecoveryBlocks.java,2
TestPendingRecoveryBlocks.java,2
TestPipelinesFailover.java,3
RMDelegationTokenSecretManager.java,3
PathOutputCommitterFactory.java,1
Invoker.java,1
JvmMetrics.java,3
FSPreemptionThread.java,1
TestFairSchedulerPreemption.java,4
ResourceRequest.java,5
TestResourceRequest.java,1
DFSClientFaultInjector.java,3
TestLeaseRenewer.java,1
TestDFSClientRetries.java,5
RetryPolicies.java,6
TestRetryProxy.java,5
UnreliableImplementation.java,3
UnreliableInterface.java,2
TestProportionalCapacityPreemptionPolicyIntraQueueUserLimit.java,1
TestYarnClientWithReservation.java,1
MetricsSinkAdapter.java,3
MetricsSystemImpl.java,4
TestMetricsSystemImpl.java,5
Options.java,3
GzipCodec.java,2
TestGzipCodec.java,1
TestExportsTable.java,1
ParameterParser.java,3
TestParameterParser.java,1
ResourceEstimatorService.java,2
TestResourceEstimatorService.java,2
TestRM.java,2
TestConfigurationFieldsBase.java,2
BlockPlacementPolicyRackFaultTolerant.java,3
BaseLogParser.java,1
LogParserUtil.java,1
ErasureCodingPolicy.java,2
ErasureCodingPolicyInfo.java,1
ErasureCodingPolicyState.java,1
ClientNamenodeProtocolTranslatorPB.java,6
TestErasureCodingPolicyInfo.java,1
ClientNamenodeProtocolServerSideTranslatorPB.java,4
RouterRpcServer.java,2
TestFSEditLogLoader.java,4
DynamicInputChunk.java,2
LocatedFileStatus.java,3
Hdfs.java,7
HdfsLocatedFileStatus.java,2
Mover.java,4
TestBlockStoragePolicy.java,3
TestDFSOutputStream.java,6
TestStorageMover.java,3
TestMountTable.java,1
CBZip2InputStream.java,1
LightWeightResource.java,1
TestFSAppStarvation.java,3
TestDistributedScheduler.java,1
TestLease.java,2
TestJsonUtil.java,3
TestShuffleHandler.java,6
AuxiliaryLocalPathHandler.java,1
AuxiliaryService.java,1
TestKDiag.java,2
LocalityMulticastAMRMProxyPolicy.java,1
TestLocalityMulticastAMRMProxyPolicy.java,1
ExecutorHelper.java,1
DistCp.java,4
TestDFSStripedOutputStreamWithFailureWithRandomECPolicy.java,1
TestSignalContainer.java,2
RouterWebServiceUtil.java,1
TestRouterWebServiceUtil.java,1
TestApplicationACLs.java,4
ExceptionLastSeen.java,1
TestTrashWithSecureEncryptionZones.java,1
TestINodeAttributeProvider.java,2
TestAMRMProxy.java,1
TestDeadDatanode.java,7
TestSnapshotCommands.java,1
TestAmFilterInitializer.java,2
sub-classes,1
MRWebAppUtil.java,2
FairCallQueue.java,2
BaseContainerTokenSecretManager.java,1
ContainerTokenIdentifierForTest.java,1
InternalDataNodeTestUtils.java,1
TestBlockReplacement.java,5
TestMover.java,5
BlockPlacementPolicy.java,2
TestDistributedScheduling.java,1
TestOpportunisticContainerAllocationE2E.java,1
RemoteNode.java,1
RemoteNodePBImpl.java,1
OpportunisticContainerAllocator.java,2
OpportunisticContainerContext.java,1
TestOpportunisticContainerAllocator.java,1
SerializationFactory.java,1
TestSerializationFactory.java,1
AMSimulator.java,2
InodeTree.java,2
TestStoragePolicyCommands.java,3
TestWebHDFSStoragePolicyCommands.java,1
TestCopyFromLocal.java,1
ConfServlet.java,3
TestConfServlet.java,2
TestSchedulingMonitor.java,2
LoadGenerator.java,1
ContainerState.java,2
ContainerStatus.java,2
ContainerSubState.java,1
ContainerStatusPBImpl.java,1
ProtoUtils.java,1
TestEventFlow.java,3
TestNodeManagerShutdown.java,2
AggregatedLogsBlock.java,2
MRJobConfig.java,5
TestPendingInvalidateBlock.java,6
AMRMClientAsyncImpl.java,4
AbstractFuture.java,1
MountdBase.java,1
Nfs3Base.java,1
Nfs3.java,1
PrivilegedNfsGatewayStarter.java,3
Nfs3Utils.java,1
SlowPeerTracker.java,1
NodePlan.java,2
TestSlowDiskTracker.java,1
TestSlowPeerTracker.java,1
SleepJob.java,1
TestApplicationHistoryManagerOnTimelineStore.java,6
WebServices.java,4
Log4Json.java,1
MetricsJsonBuilder.java,1
QuasiMonteCarlo.java,1
DistSum.java,1
BaileyBorweinPlouffe.java,2
VolumeScanner.java,7
RpcClientFactoryPBImpl.java,1
RpcServerFactoryPBImpl.java,1
TestRpcClientFactoryPBImpl.java,1
TestRpcServerFactoryPBImpl.java,1
PrivilegedOperationExecutor.java,2
AMRMClient.java,4
QuorumCall.java,2
TestQuorumCall.java,2
TestReservations.java,3
Fetcher.java,5
ShuffleSchedulerImpl.java,4
TestFetcher.java,3
TestShuffleScheduler.java,2
RMHATestBase.java,1
TestNodeBlacklistingOnAMFailures.java,2
TestReservationSystem.java,1
TestNMReconnect.java,4
TestSchedulingWithAllocationRequestId.java,1
TestContinuousScheduling.java,3
TestFairOrderingPolicy.java,2
TestClientToAMTokens.java,2
TestContainerSchedulerBehaviorCompatibility.java,2
AbstractFileSystem.java,3
JournalNode.java,5
CpuTimeTracker.java,1
TestCpuTimeTracker.java,1
AppAttemptBlock.java,1
ContainerPage.java,1
RMAppAttemptBlock.java,4
RMAppBlock.java,4
RMContainerBlock.java,1
RMWebApp.java,3
TestTokenClientRMService.java,4
TestAppPage.java,2
TestRMWebAppFairScheduler.java,2
TestRedirectionErrorPage.java,2
CollectorInfo.java,1
KeyProviderCryptoExtension.java,3
TestReencryptionWithKMS.java,2
ECBlockGroupStats.java,2
ReplicatedBlockStats.java,2
ECBlockGroupsMBean.java,1
TestComputeInvalidateWork.java,4
TestDeleteRace.java,1
TestAMRMClientOnRMRestart.java,2
ReservationId.java,1
PositionStripeReader.java,1
TestRMHATimelineCollectors.java,1
EntityTypeReader.java,1
SubApplicationTable.java,1
AppLevelTimelineCollectorWithAgg.java,1
TimelineReaderWhitelistAuthorizationFilter.java,1
TimelineV2DelegationTokenSecretManagerService.java,1
FsServerDefaults.java,2
BoundedAppender.java,1
TestBoundedAppender.java,1
TestRMAppAttemptImplDiagnostics.java,2
JobSummary.java,1
Job.java,7
JobImpl.java,7
TestJobSummary.java,1
MockJobs.java,2
TestRuntimeEstimators.java,2
HistoryViewer.java,1
JobFinishedEvent.java,1
JobHistoryParser.java,1
JobUnsuccessfulCompletionEvent.java,1
CompletedJob.java,3
PartialJob.java,2
UnparsedJob.java,1
TestJobHistoryParsing.java,2
TestHsWebServicesAcls.java,2
Job20LineHistoryEventEmitter.java,1
TestEncryptionZoneManager.java,2
TestAMRMClientContainerRequest.java,1
BaseAMRMProxyE2ETest.java,1
ResourceHandlerModule.java,2
TestMapFileOutputFormat.java,2
CheckpointFaultInjector.java,1
TestRollingUpgrade.java,3
LogHandlerContainerFinishedEvent.java,1
TestNonAggregatingLogHandler.java,2
SchedulingMonitor.java,3
TestLocatedFileStatus.java,1
TestDFSInputStream.java,2
AuthenticatedURL.java,3
KerberosAuthenticator.java,2
PseudoAuthenticator.java,1
TestHttpServerWithSpengo.java,2
NodeQueueLoadMonitor.java,2
ReleaseContainerEvent.java,1
SchedulerEventType.java,5
TestIncreaseAllocationExpirer.java,2
AclCommands.java,3
ClientDistributedCacheManager.java,2
TestGetFileStatus.java,3
CopyListingFileStatus.java,2
TaskAttemptUnsuccessfulCompletionEvent.java,1
FairSchedulerQueueInfo.java,3
TestSafeMode.java,4
SlowDiskReports.java,2
DataStorage.java,9
NNStorageRetentionManager.java,2
ImageLoaderCurrent.java,2
TestNameNodeOptionParsing.java,1
TestCommonConfigurationFields.java,2
CompositeGroupsMapping.java,1
FsUrlStreamHandlerFactory.java,1
TestUrlStreamHandler.java,1
AdlFileStatus.java,1
TestListStatus.java,1
TestNMClient.java,1
BlockBlobInputStream.java,2
TestBlockBlobInputStream.java,2
dev-support,13
FederationRMFailoverProxyProvider.java,1
FSSchedulerNode.java,3
TestFSSchedulerNode.java,1
SnapshotException.java,1
TestUmbilicalProtocolWithJobToken.java,1
StorageLocationChecker.java,2
TestNameNodeReconfigure.java,2
AllocationBasedResourceUtilizationTracker.java,1
TestAllocationBasedResourceUtilizationTracker.java,1
StripedBlockReconstructor.java,1
StripedReconstructionInfo.java,1
CodecUtil.java,1
ErasureCodeNative.java,1
ActiveStandbyElectorBasedElectorService.java,2
CuratorBasedElectorService.java,1
RMServiceContext.java,1
RMTimelineCollectorManager.java,1
SecondaryNameNode.java,6
TestNameNodeHttpServerXFrame.java,1
TestMapperReducerCleanup.java,1
NodeIDsInfo.java,1
LabelsToNodesInfo.java,1
TestSchedulingPolicy.java,4
TestMapReduceTrackingUriPlugin.java,1
DataNodeMXBean.java,2
TestDataNodeMXBean.java,2
CredentialProviderFactory.java,3
CapacitySchedulerPreemptionTestBase.java,1
HttpFSAuthenticationFilter.java,2
HttpFSServerWebServer.java,2
HttpFSKerberosAuthenticationHandlerForTesting.java,1
TestHttpFSServer.java,3
DBOutputFormat.java,1
TestDBOutputFormat.java,1
PendingReconstructionBlocks.java,3
NameNodeMetrics.java,2
ErasureEncodingStep.java,1
TestCodecRawCoderMapping.java,1
ITestS3AFileOperationCost.java,1
TestDatanodeManager.java,3
TestBlockToken.java,1
TestActiveStandbyElectorRealZK.java,1
TestGenericTestUtils.java,3
TestFileStatus.java,5
TestErasureCodingPolicy.java,1
TraceAdmin.java,2
TestTraceAdmin.java,4
FTPFileSystem.java,1
TestFTPFileSystem.java,1
FairSchedulerEventLog.java,1
HostsFileReader.java,2
TestJobEndNotifier.java,1
CSQueueMetrics.java,2
TestMetricsInvariantChecker.java,1
TestQueueMetrics.java,3
NativeS3FileSystemContractBaseTest.java,4
MapredTestDriver.java,2
JobEndNotifier.java,1
TestCheckpoint.java,2
TestStandbyCheckpoints.java,6
TestJMXGet.java,5
AddToClusterNodeLabelsRequestPBImpl.java,1
TestRMNodeLabelsManager.java,4
TestLeaseManager.java,4
NNBench.java,5
OfflineImageViewer.java,2
TestFileSystemOperationExceptionHandling.java,4
TestFileSystemOperationsExceptionHandlingMultiThreaded.java,4
TestReadAndSeekPageBlobAfterWrite.java,1
AbstractContractMkdirTest.java,1
RMAppCollectorUpdateEvent.java,1
FileDistributionCalculator.java,2
DataNodeFaultInjector.java,7
TestDataNodeMetrics.java,4
TestAliyunOSSFileSystemContract.java,3
TestKeyManager.java,1
ServerException.java,1
TestXException.java,1
TestParam.java,3
WriteCtx.java,3
LayoutVersion.java,1
DatanodeStorageInfo.java,7
DataNodeLayoutVersion.java,1
BackupImage.java,2
Content.java,1
INodeWithAdditionalFields.java,1
NameNodeLayoutVersion.java,1
ReceivedDeletedBlockInfo.java,1
OfflineEditsXmlLoader.java,1
Diff.java,1
TestFileCreation.java,4
TestFailureToReadEdits.java,2
FileIoProvider.java,1
FsDatasetSpi.java,2
TestSimulatedFSDataset.java,4
ExternalDatasetImpl.java,4
OpensslCipher.java,1
ValueQueue.java,2
HAServiceProtocol.java,1
SequenceFile.java,4
BuiltInGzipDecompressor.java,1
ZlibCompressor.java,1
ZlibDecompressor.java,1
Compression.java,2
SaslRpcServer.java,1
FileSystemTestHelper.java,1
KMS.java,2
MountInterface.java,1
Nfs3Constant.java,1
SetAttr3.java,1
RpcMessage.java,1
ContainerLauncherImpl.java,1
MRApps.java,4
FileInputFormat.java,6
FileOutputFormat.java,2
JobClient.java,2
JobInProgress.java,1
JobTracker.java,1
TaskLog.java,2
TaskStatus.java,1
BinaryProtocol.java,2
Cluster.java,4
JobStatus.java,1
ControlledJob.java,1
JobControl.java,1
MapHost.java,1
HSAuditLogger.java,1
RandomTextWriterJob.java,1
JHLogAnalyzer.java,1
OperationOutput.java,1
PathFinder.java,1
GenericMRLoadGenerator.java,2
MRBench.java,2
ThreadedMapBenchmark.java,1
LargeSorter.java,1
RandomTextWriter.java,2
RandomWriter.java,2
TimelineServicePerformance.java,1
TeraGen.java,2
TimelineMetric.java,1
NMClientAsyncImpl.java,1
ApplicationHistoryManagerOnTimelineStore.java,10
CMgrCompletedAppsEvent.java,1
CMgrCompletedContainersEvent.java,1
NMAuditLogger.java,1
RMAuditLogger.java,3
AbstractSystemMetricsPublisher.java,1
TimelineFilterList.java,1
BlockUnderConstructionFeature.java,2
FSDirTruncateOp.java,2
TestBlockUnderConstructionFeature.java,1
TestBlockUnderConstruction.java,1
TestCommitBlockSynchronization.java,3
GetJournalEditServlet.java,1
FileSystemContractBaseTest.java,4
TestHDFSFileSystemContract.java,2
TestWebHdfsFileSystemContract.java,4
ITestS3AFileSystemContract.java,3
TestAdlFileSystemContractLive.java,1
TestNativeAzureFileSystemContractEmulator.java,1
TestNativeAzureFileSystemContractLive.java,1
TestNativeAzureFileSystemContractMocked.java,1
TestNativeAzureFileSystemContractPageBlobLive.java,2
TestSwiftFileSystemContract.java,1
SSLHostnameVerifier.java,1
ComparableVersion.java,1
KerberosName.java,4
TestKerberosName.java,3
FilterFs.java,5
BloomFilterCommonTester.java,1
TestBloomFilters.java,2
DirectoryListing.java,1
TestTools.java,1
TestShuffleProvider.java,1
JobContextImpl.java,1
TaskAttemptContextImpl.java,1
TestMRCredentials.java,1
WordMean.java,1
WordStandardDeviation.java,1
ServicesResourceTransformer.java,1
TimelineDelegationTokenIdentifierData.java,1
ClientRMProxy.java,1
ConfiguredRMFailoverProxyProvider.java,1
RMProxy.java,4
TestClientRMProxy.java,1
ContainerLocalization.java,1
ContainerLocalizationImpl.java,1
TestDataNodeOutlierDetectionViaMetrics.java,1
TestHostsFileReader.java,1
NodesListManager.java,8
AbstractWasbTestBase.java,3
MockWasbAuthorizerImpl.java,1
TestNativeAzureFileSystemAuthorization.java,1
TestWasbRemoteCallHelper.java,1
HdfsServerConstants.java,3
TestSpaceReservation.java,4
ChRootedFs.java,4
JniBasedUnixGroupsNetgroupMapping.java,1
ShellBasedUnixGroupsNetgroupMapping.java,1
TestGetBlocks.java,1
TestReservationSystemInvariants.java,1
ReservationInvariantsChecker.java,1
SchedulingPolicy.java,5
CacheManager.java,3
TestFileCorruption.java,4
Servers.java,1
InputStriper.java,1
TotalHeapUsageEmulatorPlugin.java,1
TestGridmixMemoryEmulation.java,1
MapReduceJobPropertiesParser.java,1
FairSchedulerMetrics.java,1
SLSWebApp.java,3
TestSLSWebApp.java,1
DataChecksum.java,2
TestRMFailover.java,7
RMCriticalThreadUncaughtExceptionHandler.java,1
RMFatalEvent.java,1
RMFatalEventType.java,1
TestMemoryRMStateStore.java,2
GridmixTestUtils.java,1
FSDataOutputStream.java,1
TestKafkaMetrics.java,1
ExitUtil.java,1
TestMetadataVersionOutput.java,2
TestStartup.java,4
TestGridmixSubmission.java,1
CreateFlag.java,1
NameNodeConnector.java,2
SimpleHttpProxyHandler.java,1
TestSymlinkLocalFS.java,3
FileSystemTimelineReaderImpl.java,2
TestAMRMClient.java,8
NodeType.java,1
CapacitySchedulerQueueManager.java,3
ProcfsBasedProcessTree.java,6
SysInfoWindows.java,4
TestDecommissioningStatus.java,2
TestJavaSandboxLinuxContainerRuntime.java,1
RemoteSASKeyGeneratorImpl.java,1
RemoteWasbAuthorizerImpl.java,1
WasbTokenRenewer.java,1
LocalContainerLauncher.java,3
JVMId.java,1
Operation.java,1
Parser.java,1
ConfigRedactor.java,1
DefaultRpcScheduler.java,1
RpcScheduler.java,1
TestRefreshCallQueue.java,3
CgroupsLCEResourcesHandler.java,1
TestCgroupsLCEResourcesHandler.java,1
TestFsDatasetCache.java,3
TestReconstructStripedBlocks.java,1
JobHistoryServer.java,1
AsyncDispatcher.java,10
EventDispatcher.java,1
DrainDispatcher.java,5
TestRMDispatcher.java,4
TestLeveldbRMStateStore.java,2
YARN-6438. Code can be improved in ContainersMonitorImpl.java,1
TestContainerManagerWithLCE.java,2
TestDatasetVolumeCheckerTimeout.java,1
TestThrottledAsyncCheckerTimeout.java,1
TestCapacitySchedulerPlanFollower.java,1
TestFairSchedulerPlanFollower.java,1
TestSchedulerPlanFollowerBase.java,1
TestCapacitySchedulerDynamicBehavior.java,1
FakeTimer.java,1
TestNetworkedJob.java,3
Storage.java,5
PacketReceiver.java,1
ThrottledAsyncChecker.java,1
TestThrottledAsyncChecker.java,1
TestJobResourceUploader.java,2
HAUtilClient.java,1
NameNodeProxiesClient.java,2
HdfsClientConfigKeys.java,4
ClientHAProxyFactory.java,1
HAProxyFactory.java,1
IPFailoverProxyProvider.java,1
DFSConfigKeys.java,9
DFSUtil.java,9
NameNodeProxies.java,2
DfsServlet.java,1
NameNodeHAProxyFactory.java,1
TestDFSClientFailover.java,3
TestDFSUtil.java,7
TestDelegationTokensWithHA.java,3
WasbRemoteCallHelper.java,1
TestDataStorage.java,2
TestViewfsFileStatus.java,1
TestFileStatusWithECPolicy.java,2
TestS3AGetFileStatus.java,1
TestHAUtil.java,1
TestDecommission.java,8
JobConf.java,4
PBImageXmlWriter.java,4
TestFilterFs.java,1
DomainSocketWatcher.java,3
YARNRunner.java,6
ApplicationSubmissionContext.java,2
ResourceScheduler.java,1
TestApplicationLimits.java,4
TestApplicationLimitsByPartition.java,2
TestLeafQueue.java,9
DelegateToFileSystem.java,3
FtpFs.java,1
RawLocalFs.java,1
TestAfsCheckPath.java,1
ViewFsBaseTest.java,2
OrderingPolicy.java,2
CLITestHelper.java,2
CommandExecutor.java,1
FSCmdExecutor.java,1
CacheAdminCmdExecutor.java,1
CryptoAdminCmdExecutor.java,1
ErasureCodingCliCmdExecutor.java,1
SimpleTcpServer.java,2
Portmap.java,2
TimelineConnector.java,1
OfflineEditsViewer.java,1
TestOfflineEditsViewer.java,1
RetryInvocationHandler.java,6
TestShortCircuitLocalRead.java,3
TestRecovery.java,4
CredentialsTestJob.java,2
RestCsrfPreventionFilterHandler.java,1
WebAppUtils.java,4
TestYarnConfiguration.java,2
SimpleUdpServer.java,1
ResourceSchedulerWrapper.java,6
SchedulerRequestKey.java,2
RMContainer.java,1
RMContainerChangeResourceEvent.java,1
ContainerUpdateContext.java,1
CSQueue.java,6
ContainerAllocator.java,3
IncreaseContainerAllocator.java,2
ContainerAllocationProposal.java,1
FiCaSchedulerNode.java,2
TestChildQueueOrder.java,2
TestParentQueue.java,1
TestWebApp.java,2
AbstractReservationSystem.java,2
AlignedPlannerWithGreedy.java,1
GreedyReservationAgent.java,1
PlanningAlgorithm.java,1
ReservationAgent.java,1
TryManyReservationAgents.java,1
TestAlignedPlanner.java,1
TestGreedyReservationAgent.java,1
TestNameNodeMetricsLogger.java,2
DominantResourceFairnessPolicy.java,5
AdlConfKeys.java,1
TestValidateConfiguration.java,1
TestMetadata.java,1
DecommissioningNodesWatcher.java,1
CommonConfigurationKeys.java,3
TestUGIWithMiniKdc.java,1
FSExceptionMessages.java,2
TestStickyBit.java,2
FifoPolicy.java,5
Balancer.java,8
BalancerBandwidthCommand.java,1
Stat.java,1
TestActiveStandbyElector.java,2
PasswordCredentials.java,1
FSOpDurations.java,1
AbstractUsersManager.java,1
ActiveUsersManager.java,1
Queue.java,2
CapacityHeadroomProvider.java,2
CapacitySchedulerLeafQueueInfo.java,1
TestCapacitySchedulerNodeLabelUpdate.java,4
ZKDelegationTokenSecretManager.java,5
FsCreateModes.java,1
FsPermissionExtension.java,1
DNConf.java,1
AdminStatesBaseTest.java,1
TestStorageLocationChecker.java,1
TestShell.java,6
TestSecureRegistry.java,1
AuthenticationWithProxyUserFilter.java,1
TestAuthenticationFilter.java,2
TestAuthenticationWithProxyUserFilter.java,1
DummyResourceCalculatorPlugin.java,2
BlockPoolSliceStorage.java,5
GlobPattern.java,1
TestGlobPattern.java,1
BlockType.java,1
LocatedBlock.java,1
TestBlockType.java,1
BlockInfoContiguous.java,3
BlockInfoStriped.java,1
BlockPlacementPolicies.java,1
FSImageFormat.java,1
INodeFileAttributes.java,1
FSImageFormatPBSnapshot.java,1
TestPBHelper.java,2
TestINodeFile.java,4
NamenodeProtocolServerSideTranslatorPB.java,1
NamenodeProtocolTranslatorPB.java,1
NamenodeProtocol.java,1
RpcProgram.java,1
SimpleUdpClient.java,1
NfsConfigKeys.java,2
RpcProgramMountd.java,1
TestMountd.java,1
FsVolumeImpl.java,9
TestDelegateToFsCheckPath.java,2
TestProportionalCapacityPreemptionPolicy.java,10
BasePBImplRecordsTest.java,1
TestCommonNodeLabelsManager.java,3
TestNodeHealthService.java,1
TestRMWebServiceAppsNodelabel.java,1
KMSAudit.java,1
KMSAuditLogger.java,1
QueueACLsManager.java,3
TestLeveldbTimelineStore.java,1
LocalReplicaInPipeline.java,1
TestJobImpl.java,4
AbstractResourceRequest.java,2
UpdateContainerRequest.java,2
YarnScheduler.java,6
CleanupQueue.java,1
MapTask.java,3
TextOutputFormat.java,1
Pentomino.java,1
TeraScheduler.java,1
NativeFileSystemStore.java,3
SASKeyGeneratorInterface.java,1
SelfRenewingLease.java,2
SendRequestIntercept.java,1
StorageInterface.java,2
AzureFileSystemInstrumentation.java,1
GenericOptionsParser.java,2
TestPipeApplication.java,3
NNStorage.java,5
StorageAdapter.java,1
TestBlockPoolSliceStorage.java,1
UnmanagedAMLauncher.java,1
TopCLI.java,2
Graph.java,1
VisualizeStateMachine.java,1
TrafficController.java,2
MemoryRMStateStore.java,1
InMemoryPlan.java,1
ReservationInputValidator.java,1
TestContainerResourceUsage.java,1
TestReservationInputValidator.java,1
BootstrapStandby.java,4
ReplicaUnderRecovery.java,1
TestResourceManagerAdministrationProtocolPBClientImpl.java,1
TestFSDirAttrOp.java,1
TestNameNodeMXBean.java,4
HdfsWriter.java,1
TestAMRMClientAsync.java,1
KerberosAuthenticationHandler.java,4
TestWebDelegationToken.java,3
CacheAdmin.java,2
Mapper.java,1
Reducer.java,1
CreateParentParam.java,1
OverwriteParam.java,1
BlockScanner.java,1
FinalizedReplica.java,1
FsVolumeSpi.java,2
TestBlockScanner.java,3
ExternalVolumeImpl.java,2
BlockManagerTestUtil.java,3
TestFsShell.java,2
DiskBalancerWorkItem.java,1
DiskBalancerWorkStatus.java,1
CombinedHostsFileReader.java,1
JsonNodeConnector.java,1
DiskBalancerVolume.java,1
TestCryptoAdminCLI.java,2
HsJobsBlock.java,2
JobInfo.java,4
TestJobInfo.java,2
PBHelper.java,2
NamespaceInfo.java,3
TestFSNamesystem.java,6
ProxyUriUtils.java,2
WebAppProxy.java,1
NodeReport.java,1
TestHdfsConfigFields.java,3
TestYarnConfigurationFields.java,2
RMAppManagerEvent.java,1
RMAppManagerEventType.java,1
RMAppMoveEvent.java,1
TestMoveApplication.java,1
TaskPage.java,4
TasksBlock.java,2
MRApp.java,5
ZKSignerSecretProvider.java,3
LocalDirAllocator.java,3
CommandFormat.java,2
GF256.java,1
TFile.java,1
Utils.java,1
KDiag.java,2
LocalJavaKeyStoreProvider.java,3
FileBasedKeyStoresFactory.java,1
ReloadingX509TrustManager.java,3
TestReloadingX509TrustManager.java,2
TestNativeAzureFileSystemConcurrencyLive.java,1
GetClusterNodeLabelsResponse.java,1
GetClusterNodeLabelsResponsePBImpl.java,1
InvalidStateTransitionException.java,1
InvalidStateTransitonException.java,1
TestKill.java,2
TestFSQueueMetrics.java,1
TestGetGroups.java,2
TestFSNamesystemMBean.java,1
NativeS3FileSystem.java,2
YarnChild.java,1
DataGeneratorForTest.java,2
TestContainersMonitorResourceChange.java,2
SymlinkBaseTest.java,3
ViewFileSystemBaseTest.java,2
YARN-5605,1
TestAsyncDispatcher.java,4
MergeManagerImpl.java,3
TestMergeManager.java,3
TestFileCreationDelete.java,1
YarnClient.java,2
TestRenameWhileOpen.java,1
TestRMStoreCommands.java,1
TestAppendSnapshotTruncate.java,2
TestDelegationTokenFetcher.java,3
TestNodeStatusUpdater.java,5
TestFsShellCopy.java,3
ApplicationResourceUsageReport.java,1
ApplicationResourceUsageReportPBImpl.java,1
ApplicationMetricsConstants.java,4
ApplicationAttemptStateData.java,1
ApplicationAttemptStateDataPBImpl.java,1
RMAppMetrics.java,1
TestOpportunisticContainerAllocation.java,1
DistributedScheduler.java,1
hadoop-maven,1
HsTasksPage.java,2
AdminAuthorizedServlet.java,1
JMXJsonServlet.java,2
LogLevel.java,3
TestHttpServer.java,4
TestQueuingContainerManager.java,1
MutableStat.java,1
SampleStat.java,1
TestMutableMetrics.java,1
TestFSMainOperationsSwift.java,1
TestHadoopArchives.java,2
TestDefaultUri.java,1
StorageLocation.java,2
TestNativeAzureFileSystemOperationsMocked.java,2
DatanodeProtocolServerSideTranslatorPB.java,2
StorageReceivedDeletedBlocks.java,1
TestIncrementalBrVariations.java,2
NNThroughputBenchmark.java,3
TestApplicationPriority.java,4
DeletionService.java,1
AMRMProxyService.java,1
LocalizerTokenSelector.java,1
NMTokenSecretManagerInNM.java,1
ProcessIdFileReader.java,1
Count.java,2
TestCount.java,4
TestAuditLogs.java,3
CSAMContainerLaunchDiagnosticsConstants.java,1
LocalCacheCleaner.java,1
ResourceRetentionSet.java,1
TestLocalCacheCleanup.java,1
TestResourceRetention.java,2
IFileOutputStream.java,1
TestIFileStreams.java,1
TestDatanodeReport.java,1
Priority.java,1
TestResourceManager.java,1
TestSchedulerHealth.java,1
TestFifoScheduler.java,2
TestLocalResourcesTrackerImpl.java,3
TestNameNodeConfiguration.java,1
TestSequentialBlockGroupId.java,2
TestDiskspaceQuotaUpdate.java,4
LogCLIHelpers.java,3
StripedBlockChecksumReconstructor.java,1
TestHedgingRequestRMFailoverProxyProvider.java,1
TestHttpFSFWithSWebhdfsFileSystem.java,1
SaslDataTransferTestCase.java,1
TestSecureNNWithQJM.java,2
TestNameNodeRespectsBindHostKeys.java,1
TestWebHdfsTokens.java,3
CopyMapper.java,3
TestCopyListingFileStatus.java,1
TestRetriableFileCopyCommand.java,1
AppLevelTimelineCollector.java,1
TestDecommissionWithStriped.java,1
TestViewFileSystemWithTruncate.java,1
OpenFileCtxCache.java,1
AliyunOSSInputStream.java,1
TestNestedEncryptionZones.java,1
DecommissionManager.java,2
TestNameNodePrunesMissingStorages.java,3
BlockReportTestBase.java,2
TestAddOverReplicatedStripedBlocks.java,2
TestDistCpWithRawXAttrs.java,1
DistCpTestUtils.java,1
TrashPolicy.java,2
EmbeddedElectorService.java,1
INodeDirectory.java,4
INodeReference.java,4
INodeSymlink.java,3
DirectoryWithSnapshotFeature.java,4
Snapshot.java,3
TestRenameWithSnapshots.java,3
RolloverSignerSecretProvider.java,2
TestZKSignerSecretProvider.java,2
TestAMWebApp.java,1
URL.java,1
TestURL.java,1
ContainerManagementProtocolProxy.java,2
YarnWebParams.java,2
ErrorBlock.java,1
RedirectionErrorPage.java,1
RmController.java,1
TestWebAppProxyServlet.java,4
TestDatanodeRestart.java,1
TestInterDatanodeProtocol.java,1
TestReplicaMap.java,1
ServerSocketUtil.java,2
BlockPoolTokenSecretManager.java,1
CompileMojo.java,2
TestMojo.java,3
ProtocMojo.java,2
Exec.java,3
TaskHeartbeatHandler.java,1
TestTaskHeartbeatHandler.java,1
MRJobConfUtil.java,1
TestRpcBase.java,1
YarnAuthorizationProvider.java,2
FileSystemApplicationHistoryStore.java,2
TestTopCLI.java,1
TestOptionsParser.java,3
AutoCloseableLock.java,1
CryptoOutputStream.java,1
CryptoFSDataOutputStream.java,1
TestCryptoOutputStreamClosing.java,1
CryptoUtils.java,1
TestLocalFileSystemPermission.java,3
FSDirAppendOp.java,2
DatanodeInfo.java,2
StorageReport.java,1
DatanodeStats.java,3
TestFsVolumeList.java,2
TestNamenodeCapacityReport.java,1
NodeHealthScriptRunner.java,2
TestNodeHealthScriptRunner.java,1
HdfsAuditLogger.java,1
AppendOp.java,1
TruncateOp.java,1
TestCluster.java,1
TestDFSPermission.java,4
TestJob.java,1
TestZKDelegationTokenSecretManager.java,2
Null.java,1
SslSelectChannelConnectorSecure.java,1
TestJettyHelper.java,2
DebugAdmin.java,2
TestKMSACLs.java,1
FSLimitException.java,1
TestDataNodeErasureCodingMetrics.java,1
TestKeyProvider.java,1
TestJMXJsonServlet.java,1
TestGangliaMetrics.java,3
AMRMClientAsync.java,1
TestHSAdminServer.java,2
InvalidChecksumSizeException.java,1
TestDiskError.java,2
AzureFileSystemThreadPoolExecutor.java,1
AzureFileSystemThreadTask.java,1
TestFileSystemOperationsWithThreads.java,1
TestMetaSave.java,3
RMAppKillByClientEvent.java,1
TestRMAuditLogger.java,1
LdapGroupsMapping.java,1
TestLdapGroupsMapping.java,1
PartitionQueueCapacitiesInfo.java,1
QueueCapacitiesInfo.java,1
AvailableSpaceBlockPlacementPolicy.java,2
TestAvailableSpaceBlockPlacementPolicy.java,1
TestKeyProviderCryptoExtension.java,1
TestMRCJCFileOutputCommitter.java,1
TestMRTimelineEventHandling.java,4
BlockListAsLongs.java,3
TestBlockListAsLongs.java,2
NativeAzureFileSystemBaseTest.java,4
TestNativeAzureFileSystemAppend.java,1
TestNativeAzureFileSystemAtomicRenameDirList.java,2
TestNativeAzureFileSystemClientLogging.java,1
CSAssignment.java,2
FileDistributionVisitor.java,1
PermissionParser.java,1
TestPBImplRecords.java,2
ExecutionTypeRequestInfo.java,1
ResourceInfo.java,2
ResourceRequestInfo.java,1
FileContextPermissionBase.java,1
TestFileUtil.java,2
TestLocalDirAllocator.java,3
TestSymlinkLocalFSFileContext.java,1
TestSymlinkLocalFSFileSystem.java,1
TestPathData.java,1
TestDNS.java,3
TestShellBasedIdMapping.java,1
TestWinUtils.java,2
TestGlobPaths.java,2
TestFsDatasetCacheRevocation.java,1
TestScrLazyPersistFiles.java,1
TestAtomicFileOutputStream.java,1
TestTracingShortCircuitLocalRead.java,3
TestWindowsBasedProcessTree.java,1
PrivateAzureDataLakeFileSystem.java,1
TestConfigurationSetting.java,1
TestAclCommands.java,2
BloomFilter.java,1
TestAMWebServices.java,1
TestAMWebServicesAttempt.java,1
TestAMWebServicesJobConf.java,1
TestAMWebServicesJobs.java,1
TestAMWebServicesTasks.java,2
TestHsWebServices.java,1
TestHsWebServicesAttempts.java,1
TestHsWebServicesJobConf.java,1
TestHsWebServicesJobs.java,3
TestHsWebServicesJobsQuery.java,1
TestHsWebServicesTasks.java,1
TestHBaseTimelineStorage.java,1
BasicDiskValidator.java,1
DiskValidator.java,1
DiskValidatorFactory.java,1
TestBasicDiskValidator.java,1
TestDiskValidatorFactory.java,1
BlockReportLeaseManager.java,1
TestDnRespectsBlockReportSplitThreshold.java,1
TestNNHandlesBlockReportPerStorage.java,1
TestDFSClientSocketSize.java,2
FileSystemTimelineWriterImpl.java,1
TestTimelineReaderWebServices.java,1
TestFileSystemTimelineReaderImpl.java,1
TestFileSystemTimelineWriterImpl.java,1
TestCLI.java,2
RpcFactoryProvider.java,1
Router.java,1
TestTypeConverter.java,2
SLSCapacityScheduler.java,2
TestApplicationClientProtocolOnHA.java,1
ResourcePBImpl.java,1
TestYarnServerApiClasses.java,1
BaseAMRMProxyTest.java,2
TestReservationSystemUtil.java,1
HttpServerFunctionalTest.java,1
EntityCacheItem.java,1
EntityGroupFSTimelineStore.java,1
FSImageSerialization.java,1
HAState.java,1
AccessRequest.java,2
MutableQuantiles.java,1
DiffInfo.java,1
PermissionParam.java,1
TestWebHdfsCreatePermissions.java,1
DelegationTokenAuthenticationHandler.java,2
TestDelegationTokenAuthenticationHandlerWithMocks.java,1
SingleCounterBlock.java,1
TestBlocks.java,1
CLI.java,2
CredentialsSys.java,1
TestCredentialsSys.java,1
DelegationTokenManager.java,2
TestS3ACredentialsInURL.java,1
HDFSPolicyProvider.java,2
TestHDFSPolicyProvider.java,2
TestWebAppUtils.java,1
NMWebAppFilter.java,2
RMWebAppFilter.java,4
LineReader.java,4
TestLineReader.java,1
AzureADClientCredentialBasedAccesTokenProvider.java,1
TestFairCallQueue.java,1
MiniKdc.java,3
CacheReplicationMonitor.java,2
TestEncryptionZonesWithKMS.java,1
TestRollingFileSystemSink.java,2
ResourceCalculatorProcessTree.java,1
WindowsBasedProcessTree.java,2
MockCPUResourceCalculatorProcessTree.java,1
MockResourceCalculatorProcessTree.java,1
TestClientProtocolProviderImpls.java,1
TestMiniMRChildTask.java,3
TestRead.java,1
HttpFSServer.java,2
TestDFSUpgradeFromImage.java,1
DefaultMetricsSystem.java,1
TestRollingFileSystemSinkWithHdfs.java,3
RMContainerRequestor.java,2
TestMROpportunisticMaps.java,1
TestBalancerWithHANameNodes.java,1
TestBalancerWithNodeGroup.java,1
RecoveredContainerLaunch.java,2
NNHAServiceTarget.java,1
TestNNHealthCheck.java,2
TestStagingCleanup.java,1
TestS3AConfiguration.java,2
ServletUtils.java,1
TestSequenceFileAppend.java,2
JavaKeyStoreProvider.java,4
KeyShell.java,3
AbstractJavaKeyStoreProvider.java,4
CredentialShell.java,2
TestKeyShell.java,2
TestCredShell.java,2
OptionsParser.java,1
TestUnnecessaryBlockingOnHistoryFileInfo.java,2
AMAttemptInfo.java,2
TestHistoryFileManagerInitWithNonRunningDFS.java,1
TestDataStream.java,1
FileNameIndexUtils.java,2
TestFileNameIndexUtils.java,2
QuotaUsage.java,2
RedundantEditLogInputStream.java,1
CompressedSplitLineReader.java,1
TestLineRecordReader.java,11
TestS3ContractRootDir.java,1
TestS3ContractSeek.java,1
TestS3Credentials.java,1
DataInputBuffer.java,1
AHSWebServices.java,1
ApplicaitonStateUpdatedEvent.java,1
SystemMetricsEventType.java,2
SystemMetricsPublisher.java,5
SysInfoLinux.java,2
TestSysInfoLinux.java,2
TestRMWebServicesNodeLabels.java,1
DecompressorStream.java,1
FakeCompressor.java,1
FakeDecompressor.java,1
TestDecompressorStream.java,1
CredentialProvider.java,1
TestKeyProviderFactory.java,1
TestCredentialProviderFactory.java,2
ContainerFinishedEvent.java,1
TestLogLevel.java,1
LocalContainerAllocator.java,2
TestLocalContainerAllocator.java,2
TestMRJobs.java,2
TestHFlush.java,1
TestKerberosAuthenticationHandler.java,1
WindowsGetSpaceUsed.java,1
TestTeraSort.java,1
TestRMHAMetrics.java,1
CopyListing.java,1
DistCpSync.java,1
TestDistCpSync.java,2
TestCompression.java,1
TestChecksumFileSystem.java,2
SimpleCopyListing.java,3
TestDistCpSystem.java,1
ContainerLaunchContextPBImpl.java,1
TestApplicationClientProtocolRecords.java,1
TestLargeBlockReport.java,1
TestJobHistoryEntities.java,1
TestFSImageWithSnapshot.java,3
TestAnd.java,1
TestFilterExpression.java,1
TestFind.java,2
TestIname.java,1
TestName.java,1
TestPrint.java,1
TestPrint0.java,1
TestResult.java,1
FsDatasetTestUtils.java,1
TaskAttemptKillEvent.java,1
TaskTAttemptKilledEvent.java,1
TestMRApp.java,2
ShutdownHookManager.java,3
ApplicationPage.java,1
TestNMAppsPage.java,1
NMClientImpl.java,1
AbstractMapWritable.java,1
TestJobListCache.java,1
TestBookKeeperHACheckpoints.java,1
TestHASafeMode.java,2
TestZKRMStateStorePerf.java,1
MoveCommands.java,1
TestNodesListManager.java,2
TestNodesPage.java,1
IncrementalBlockReportManager.java,1
ReplicaInPipeline.java,2
ConverterUtils.java,1
NMWebServices.java,1
TestNMWebServicesApps.java,1
TestRMWebServicesAppsModification.java,3
NativeLibraryChecker.java,3
AuthenticationFilter.java,4
TestBlocksScheduledCounter.java,2
TestQueueCapacities.java,2
ApplicationHistoryServer.java,4
TestFieldSelection.java,1
TestOldCombinerGrouping.java,1
TestAggregates.java,1
TestNewCombinerGrouping.java,1
TestMapReduceAggregates.java,1
TestCombineFileInputFormat.java,2
SecurityUtil.java,1
TestSecurityUtil.java,1
TaskID.java,1
TestTaskID.java,1
TestMRJobsWithProfiler.java,1
JWTRedirectAuthenticationHandler.java,2
TestJWTRedirectAuthentictionHandler.java,1
CapacitySchedulerInfo.java,1
TestMiniYARNClusterForHA.java,1
TestWordStats.java,1
SystemClock.java,2
ClusterStatus.java,1
Block.java,1
TestServer.java,1
PrivilegedOperation.java,1
TestPrivilegedOperationExecutor.java,2
TestDatanodeRegistration.java,1
TestCompositeService.java,1
SimpleKeyProvider.java,1
TestWasbUriAndConfiguration.java,1
RollingFileSystemSink.java,2
TestRollingFileSystemSinkWithSecureHdfs.java,2
TestAggregatedLogsBlock.java,1
KerberosUtil.java,2
Context.java,1
TestNMWebServer.java,1
UncompressedSplitLineReader.java,4
WebServicesTestUtils.java,1
TestNMWebServicesContainers.java,1
TestFileInputFormat.java,2
SWebHdfs.java,1
WebHdfs.java,1
FilterFileSystem.java,3
AvailableSpaceVolumeChoosingPolicy.java,1
RoundRobinVolumeChoosingPolicy.java,1
BlockPlacementPolicyWithNodeGroup.java,3
BlockPlacementStatusWithNodeGroup.java,1
TestReplicationPolicyWithNodeGroup.java,4
LocalFSContract.java,1
Reconfigurable.java,1
TestReconfiguration.java,1
KMSExceptionsProvider.java,1
EagerKeyGeneratorKeyProviderCryptoExtension.java,1
HdfsConstants.java,1
NameNodeHttpServer.java,1
AuthFilter.java,1
TestAuthFilter.java,1
Application.java,1
Hamlet.java,1
SimpleBlacklistManager.java,1
RMAppAttempt.java,1
AppAttemptInfo.java,3
PendingReplicationBlocks.java,1
TestPendingReplication.java,2
DatanodeStorage.java,1
AMBlackListingRequestInfo.java,1
ApplicationSubmissionContextInfo.java,1
LogAggregationContextInfo.java,1
FsCommand.java,1
TestHAConfiguration.java,1
ClientServiceDelegate.java,1
YarnClientProtocolProvider.java,1
TestYarnClientProtocolProvider.java,1
SchedContainerChangeRequest.java,1
ContentSummary.java,1
TestQuotaUsage.java,1
TestViewFsDefaultValue.java,1
TestQuotasWithHA.java,3
TestSetrepIncreasing.java,1
JvmPauseMonitor.java,2
SLSUtils.java,2
TestNMSimulator.java,1
TestSLSUtils.java,1
PreemptableResourceScheduler.java,2
ContainerPreemptEvent.java,3
ContainerRescheduledEvent.java,3
SysInfo.java,1
TestSysInfoWindows.java,1
ResourceCalculatorPlugin.java,2
NodeResourceMonitorImpl.java,1
MockResourceCalculatorPlugin.java,1
TestNodeManagerHardwareUtils.java,1
FCStatisticsBaseTest.java,2
TestCompressorDecompressor.java,2
EventReader.java,1
ProducerConsumer.java,2
WorkRequestProcessor.java,1
TestProducerConsumer.java,1
TestAppSchedulingInfo.java,1
Permission.java,1
NMProxy.java,1
ServerProxy.java,4
TestNMProxy.java,4
AMBlackListingRequest.java,1
AMBlackListingRequestPBImpl.java,1
Merger.java,1
ExceptionHandlingTestHelper.java,1
AuthToken.java,2
TestNativeAzureFileSystemLive.java,3
Jets3tFileSystemStore.java,1
DomainSocket.java,1
DfsClientShmManager.java,2
TestSeveralNameNodes.java,1
TestTaskLog.java,1
BaseReplicationPolicyTest.java,1
HsTaskPage.java,1
TestHSWebApp.java,1
FsDatasetTestUtil.java,1
TestBackupNode.java,3
TestFileSystemInitialization.java,1
TestBootstrapStandby.java,3
TestBlocksWithNotEnoughRacks.java,1
TestHostsFiles.java,1
TestBootstrapStandbyWithBKJM.java,1
TestAclCLI.java,1
TestCacheAdminCLI.java,1
TestDeleteCLI.java,1
TestErasureCodingCLI.java,1
TestHDFSCLI.java,1
TestXAttrCLI.java,1
TestFcHdfsCreateMkdir.java,1
TestFcHdfsPermission.java,1
TestFcHdfsSetUMask.java,1
TestSymlinkHdfs.java,1
HDFSContract.java,1
TestHdfsTextCommand.java,1
TestViewFileSystemHdfs.java,1
TestViewFileSystemWithAcls.java,1
TestViewFileSystemWithXAttrs.java,1
TestViewFsAtHdfsRoot.java,1
TestViewFsHdfs.java,1
TestViewFsWithAcls.java,1
TestViewFsWithXAttrs.java,1
FileAppendTest4.java,1
TestAbandonBlock.java,1
TestClientReportBadBlock.java,1
TestDFSClientExcludedNodes.java,1
TestDFSFinalize.java,1
TestDFSRollback.java,1
TestDFSStartupVersions.java,1
TestDFSStorageStateRecovery.java,1
TestDataTransferKeepalive.java,1
TestEncryptionZonesWithHA.java,1
TestFileConcurrentReader.java,1
TestGetFileChecksum.java,2
TestHdfsAdmin.java,1
TestLeaseRecovery.java,2
TestListFilesInDFS.java,1
TestListFilesInFileContext.java,1
TestPipelines.java,1
TestReadStripedFileWithDecoding.java,1
TestRecoverStripedFile.java,1
TestSafeModeWithStripedFile.java,1
TestWriteRead.java,1
TestWriteReadStripedFile.java,1
TestDelegationToken.java,2
TestDataNodeExit.java,1
TestAclConfigFlag.java,1
TestAddBlock.java,1
TestAddBlockRetry.java,1
TestBlockPlacementPolicyRackFaultTolerant.java,2
TestCommitBlockWithInvalidGenStamp.java,1
TestDefaultBlockPlacementPolicy.java,1
TestEditLogAutoroll.java,1
TestFSDirectory.java,1
TestFSImageWithAcl.java,2
TestFSImageWithXAttr.java,1
TestHDFSConcat.java,3
TestMalformedURLs.java,1
TestNameNodeRetryCacheMetrics.java,1
TestNameNodeRpcServerMethods.java,2
TestQuotaByStorageType.java,3
TestQuotaWithStripedBlocks.java,1
TestXAttrConfigFlag.java,1
TestBootstrapStandbyWithQJM.java,1
TestDNFencing.java,3
TestGetGroupsWithHA.java,1
TestInitializeSharedEdits.java,1
TestXAttrsWithHA.java,1
TestNNMetricFilesInGetListingOps.java,1
TestFileContextSnapshot.java,1
TestGetContentSummaryWithSnapshot.java,2
TestINodeFileUnderConstructionWithSnapshot.java,1
TestNestedSnapshots.java,1
TestSetQuotaWithSnapshot.java,1
TestSnapshot.java,1
TestSnapshotBlocksMap.java,1
TestSnapshotListing.java,1
TestSnapshotMetrics.java,1
TestSnapshotRename.java,1
TestSnapshotReplication.java,1
TestSnapshottableDirListing.java,1
TestDFSHAAdminMiniCluster.java,1
TestDFSZKFailoverController.java,1
TestHttpsFileSystem.java,1
TestWebHdfsWithAuthenticationFilter.java,1
TestTracing.java,3
TestKMSAudit.java,1
NMContainerStatusPBImpl.java,1
AbstractLivelinessMonitor.java,1
MonotonicClock.java,1
NMLivelinessMonitor.java,1
AMLivelinessMonitor.java,1
ContainerAllocationExpirer.java,1
TestResourceUsage.java,1
TestSequenceFile.java,3
TestKerberosUtil.java,1
TasksPage.java,1
JQueryUI.java,2
AppAttemptPage.java,1
AppPage.java,1
TestAHSWebApp.java,1
AllApplicationsPage.java,1
AllContainersPage.java,1
HadoopArchiveLogs.java,4
HadoopArchiveLogsRunner.java,1
TestHadoopArchiveLogsRunner.java,1
TestMRAppMaster.java,2
ConfBlock.java,1
TestDataDirs.java,1
FileSystemNodeLabelsStore.java,2
TestFileSystemNodeLabelsStore.java,1
TestReplaceDatanodeOnFailure.java,1
RetryCache.java,1
MiniZKFCCluster.java,1
TestZKFailoverController.java,1
PeerCache.java,1
TestProportionalCapacityPreemptionPolicyForNodePartitions.java,3
TestNodeCount.java,1
TestHAMetrics.java,1
TestClientDistributedCacheManager.java,2
FiConfig.java,2
ProbabilityModel.java,2
DataTransferTestUtil.java,1
FiHFlushTestUtil.java,1
FiTestUtil.java,1
PipelineTest.java,1
TestFiListPath.java,1
TestFiRename.java,1
PipelinesTestUtil.java,1
TestFiHFlush.java,1
TestFiPipelines.java,1
TestFiDataTransferProtocol.java,1
TestFiDataTransferProtocol2.java,1
TestFiPipelineClose.java,1
YARN-4183,1
TestByteArrayManager.java,1
BlockingThreadPoolExecutorService.java,1
MetricsSourceAdapter.java,3
TestMetricsSourceAdapter.java,1
TestAzureFileSystemInstrumentation.java,1
TestWebHdfsContentLength.java,1
ReplicaRecoveryInfo.java,1
BackupNode.java,1
MiniMRYarnCluster.java,2
DynamicInputFormat.java,1
DynamicRecordReader.java,1
StubContext.java,1
TestDynamicInputFormat.java,1
TypeConverter.java,1
JobReport.java,1
JobReportPBImpl.java,1
MRBuilderUtils.java,1
JobPriority.java,2
TestMiniYarnCluster.java,2
NameNodeMXBean.java,3
ScriptBasedNodeLabelsProvider.java,1
TestBpServiceActorScheduler.java,2
NodeLabelTestBase.java,1
TestNodeStatusUpdaterForLabels.java,1
ApplicationClientProtocol.java,1
FailApplicationAttemptRequest.java,1
FailApplicationAttemptResponse.java,1
RMDelegatedNodeLabelsUpdater.java,1
RMNodeLabelsMappingProvider.java,1
HdfsConfiguration.java,2
HdfsConfigurationLoader.java,1
TestHttpFSServerNoACLs.java,1
TestHDFSServerPorts.java,1
TestSetTimes.java,1
TestSaslRPC.java,2
MachineList.java,1
TestProxyUsers.java,1
TestMachineList.java,1
RMAppFailedAttemptEvent.java,1
RMAppFinishedAttemptEvent.java,1
RMAppRejectedEvent.java,1
RMAppAttemptContainerAllocatedEvent.java,1
RMAppAttemptFailedEvent.java,1
RMAppAttemptLaunchFailedEvent.java,1
RMAppAttemptUnregistrationEvent.java,1
QueueInvalidException.java,1
TestFileAppend2.java,1
HardLink.java,1
Globber.java,3
TestTraceUtils.java,3
TestNetUtils.java,1
TestReplication.java,1
QueuePlacementRule.java,2
TestQueuePlacementPolicy.java,1
TestUnderReplicatedBlocks.java,1
WritableUtils.java,1
SwiftRestClient.java,2
TestTextCommand.java,1
FSOutputSummer.java,1
OffsetRange.java,1
TestWrites.java,1
ExternalBlockReader.java,2
TestExternalBlockReader.java,2
ReplicaAccessor.java,1
TestApplicationHistoryServer.java,1
TestHeartbeatHandling.java,1
Master.java,1
TestMaster.java,1
TestSWebHdfsFileContextMainOperations.java,1
TestWebHdfsFileContextMainOperations.java,1
ApplicationUpdatedEvent.java,1
MoveApplicationAcrossQueuesResponse.java,1
AppReportFetcher.java,2
INodeMap.java,2
JerseyTestBase.java,1
LazyPersistTestCase.java,3
Trash.java,1
Delete.java,3
NodeStatusPBImpl.java,1
FSEditLogTestUtil.java,2
EditLogFileInputStream.java,2
TestCheckPointForSecurityTokens.java,2
AuthenticationToken.java,1
WorkReport.java,1
WorkRequest.java,1
ContainerType.java,1
NodeStatus.java,1
TestRMWebServicesDelegationTokens.java,1
AbstractNodeLabelsProvider.java,1
ConfigurationNodeLabelsProvider.java,1
TestConfigurationNodeLabelsProvider.java,1
RumenToSLSConverter.java,2
ByteRangeInputStream.java,2
TestByteRangeInputStream.java,2
TestLocalJobSubmission.java,2
XAttrFormat.java,1
TestXAttrFeature.java,1
HostFileManager.java,1
TestHostFileManager.java,1
TestBlockReportRateLimiting.java,2
RMCommunicator.java,1
RMContainerAllocationException.java,1
TestRMCommunicator.java,1
AbstractContractGetFileStatusTest.java,1
AbstractContractSetTimesTest.java,1
ContractOptions.java,1
TestLocalFSContractGetFileStatus.java,1
TestLocalFSContractSetTimes.java,1
TestRawlocalContractGetFileStatus.java,1
TestRawlocalContractSetTimes.java,1
TestHDFSContractGetFileStatus.java,1
TestHDFSContractSetTimes.java,1
TestStandbyIsHot.java,1
AllocationState.java,1
TestHDFSContractAppend.java,1
BlockInfoUnderConstruction.java,1
AbstractContractAppendTest.java,1
JobStartEvent.java,1
UmaskParser.java,1
SetSpanReceiver.java,1
branch-2,2
TestDFSInotifyEventInputStream.java,1
TestFairSchedulerQueueInfo.java,1
TestAppReportFetcher.java,1
TwoColumnLayout.java,1
DefaultSchedulerPage.java,2
FairSchedulerPage.java,2
UnderReplicatedBlocks.java,1
HadoopArchives.java,1
TestSwiftFileSystemBasicOps.java,1
SCMAdmin.java,1
AclTransformation.java,1
TestAclTransformation.java,1
TestCryptoStreamsWithOpensslAesCtrCryptoCodec.java,2
JenkinsHash.java,1
ByteBufferReadable.java,1
Bzip2Factory.java,1
TestQueueParsing.java,2
TestOfflineImageViewerForXAttr.java,1
TestDebugAdmin.java,1
RpcClientUtil.java,1
SchedulingEditPolicy.java,1
ContainerPreemptEventType.java,1
TestFsShellReturnCode.java,1
TestMove.java,1
TestApps.java,1
SerializedExceptionPBImpl.java,2
TestSerializedExceptionPBImpl.java,2
ContainerLogsUtils.java,1
Namesystem.java,1
YarnServerBuilderUtils.java,1
IFileWrappedMapOutput.java,1
LocalFetcher.java,1
BlockStoragePolicy.java,2
CachePoolInfo.java,1
TokenAspect.java,1
mapred-default,1
HSAdminServer.java,1
LineRecordReader.java,4
NNUpgradeUtil.java,1
TestDFSUpgrade.java,1
TestRbwSpaceReservation.java,1
-1,1
rm-id,1
SafeModeException.java,1
TestClusterId.java,1
TestDefaultRetryPolicy.java,1
TestDatanodeLayoutUpgrade.java,1
TestLocalDirsHandlerService.java,1
HsView.java,1
PipeMapRed.java,1
StreamJob.java,1
TestApplicationMasterServiceProtocolOnHA.java,1
HATestUtil.java,1
TestTimelineAuthenticationFilter.java,1
StorageInterfaceImpl.java,1
MockStorageInterface.java,1
TestAzureFileSystemErrorConditions.java,1
TestBlobDataValidation.java,1
TestDomainSocketWatcher.java,1
ApplicationConstants.java,2
MD5Hash.java,1
Text.java,1
ReflectionUtils.java,1
KMSMDCFilter.java,1
ServerWebApp.java,1
TestDirHelper.java,1
Chain.java,2
PipesPartitioner.java,1
BinaryRecordInput.java,1
BinaryRecordOutput.java,1
TypedBytesInput.java,1
TypedBytesOutput.java,1
TypedBytesRecordInput.java,1
TypedBytesRecordOutput.java,1
TypedBytesWritableInput.java,1
TypedBytesWritableOutput.java,1
JAXBContextResolver.java,1
FairSchedulerQueueInfoList.java,1
KeyProviderCache.java,1
ContainerLogsPage.java,1
NMController.java,1
WebServer.java,1
TestDSAppMaster.java,2
FsckServlet.java,1
BlockStoragePolicySpi.java,1
YarnOutputFiles.java,1
TestSnapshotFileLength.java,1
QuotaCounts.java,1
AbstractINodeDiff.java,1
AbstractINodeDiffList.java,1
FileDiff.java,1
FileDiffList.java,1
FileWithSnapshotFeature.java,1
SnapshotManager.java,1
TestFileWithSnapshotFeature.java,1
TestSnapshotManager.java,1
TeraSort.java,1
TeraSortConfigKeys.java,1
SaslRpcClient.java,1
ErrorReportAction.java,1
ReportBadBlockAction.java,2
TestMapreduceConfigFields.java,1
ResourceCalculatorUtils.java,1
TestResourceCalculatorUtils.java,1
JHSDelegationTokenSecretManager.java,1
TimelineDelegationTokenSecretManagerService.java,1
AppController.java,1
ExceptionDiags.java,1
HttpBodyContent.java,1
SwiftProtocolConstants.java,1
SwiftNativeFileSystemStore.java,1
SwiftNativeOutputStream.java,1
DurationStats.java,1
SwiftTestUtils.java,1
SwiftUtils.java,1
SwiftFileSystemBaseTest.java,1
TestSwiftFileSystemDirectories.java,1
TestSwiftFileSystemExtendedContract.java,1
Tool.java,1
ReduceTask.java,1
TestBlockInfo.java,1
SnappyDecompressor.java,1
HtmlPage.java,1
TextView.java,2
TestRollingUpgradeRollback.java,1
DFSHAAdmin.java,1
MockLocalizerStatus.java,1
FsActionParam.java,1
ResourceManagerAdministrationProtocol.java,1
TraceUtils.java,2
StringHelper.java,1
ResourceWeights.java,1
NodeHealthCheckerService.java,1
CombineFileInputFormat.java,1
AMStartedEvent.java,1
SnappyCodec.java,1
CountersStrings.java,1
TestCounters.java,1
HarFs.java,1
TestHarFileSystemBasics.java,1
TestLazyPersistFiles.java,2
hadoop-build,1
SpanReceiverHost.java,1
OsSecureRandom.java,1
ApplicationACLsManager.java,1
TestGetBlockLocations.java,1
TestJobConf.java,1
DataNodeMetricHelper.java,1
FSDatasetMBean.java,1
TestDataNodeFSDataSetSink.java,1
SignerSecretProvider.java,1
KeyAuthorizationKeyProvider.java,1
TimelineStoreTestUtils.java,1
CheckUploadContentTypeFilter.java,1
FileSystemReleaseFilter.java,1
HostnameFilter.java,1
MDCFilter.java,1
LocalizationEventType.java,1
TestEvents.java,1
TestAppController.java,1
TestDataNodeUUID.java,1
Receiver.java,1
TestDSFailedAppMaster.java,1
TimelineClient.java,1
PseudoAuthenticationHandler.java,1
Time.java,1
FSConstants.java,1
