CombinedHostsFileReader.java,1
CombinedHostsFileWriter.java,1
ContainerManagementProtocolProxy.java,2
Trash.java,5
TrashPolicyDefault.java,6
DFSClient.java,54
TestDistributedFileSystem.java,16
DataNode.java,53
MiniDFSCluster.java,30
TestDFSClientFailover.java,5
LocalDistributedCacheManager.java,5
JobResourceUploader.java,1
TestLocalJobSubmission.java,1
ApplicationMasterService.java,18
RMAppManager.java,14
RMServerUtils.java,3
RMAppAttemptImpl.java,41
SchedulerUtils.java,7
TestWorkPreservingRMRestart.java,10
TestSchedulerUtils.java,9
AuthenticationFilter.java,10
FSDirectory.java,46
TestFsLimits.java,3
MRJobConfig.java,20
TokenCache.java,10
DelegationTokenRenewer.java,19
TestDelegationTokenRenewer.java,14
DistributedFileSystem.java,23
TestEncryptionZones.java,7
TasksPage.java,4
HsTasksPage.java,4
AppAttemptPage.java,1
AppPage.java,2
AppAttemptBlock.java,1
AppBlock.java,8
AppsBlock.java,13
FairSchedulerAppsBlock.java,8
RMAppBlock.java,1
RMAppsBlock.java,1
DistCpSync.java,2
TestDistCpSync.java,2
NamenodeProtocolServerSideTranslatorPB.java,4
NamenodeProtocolTranslatorPB.java,5
FSImage.java,28
FSNamesystem.java,143
NNStorage.java,15
NNUpgradeUtil.java,4
NameNodeRpcServer.java,26
BootstrapStandby.java,7
NamenodeProtocol.java,4
TestBootstrapStandbyWithQJM.java,3
TestDFSUpgradeWithHA.java,2
RMActiveServiceContext.java,2
RMContext.java,4
RMContextImpl.java,8
RMNodeImpl.java,22
RMWebServices.java,13
TestRMNodeTransitions.java,13
TestRMWebApp.java,10
TestRMWebServicesNodes.java,7
hadoop-hdfs,76
HttpServerFunctionalTest.java,7
BlockManager.java,70
SaslDataTransferTestCase.java,1
TestSecureNameNode.java,2
UserMetricsInfo.java,4
TestAccessControlList.java,3
OfflineImageViewer.java,5
TestPipeApplication.java,3
TestAddBlockRetry.java,3
CompletedJob.java,11
DFSInputStream.java,27
HttpServer2.java,9
NodesPage.java,11
ContainerImpl.java,14
BPOfferService.java,19
DataNodeMetrics.java,1
TestDataNodeMetrics.java,1
TestDecommission.java,10
TestDFSHAAdminMiniCluster.java,3
DecommissionManager.java,2
HeartbeatManager.java,7
TestNamenodeCapacityReport.java,3
DFSConfigKeys.java,29
ContentSummaryComputationContext.java,2
FSDirStatAndListingOp.java,2
TestJobHistoryEventHandler.java,10
TestMRTimelineEventHandling.java,3
TestDistributedShell.java,20
MiniYARNCluster.java,11
TestMiniYarnCluster.java,1
BlockReceiver.java,19
ReplicaInPipeline.java,3
ReplicaInPipelineInterface.java,1
SimulatedFSDataset.java,13
ExternalReplicaInPipeline.java,1
TestRbwSpaceReservation.java,3
TestLog4jWarningErrorMetricsAppender.java,1
NodeManager.java,26
FsDatasetImpl.java,26
FsVolumeImpl.java,6
RMAppAttemptBlock.java,1
FsVolumeList.java,6
TestFsVolumeList.java,1
TestDataNodeHotSwapVolumes.java,7
Counters.java,7
AbstractCounters.java,8
TestCodec.java,9
FSAppAttempt.java,6
FSLeafQueue.java,15
FairScheduler.java,45
TestFairScheduler.java,50
Fetcher.java,14
TestFetcher.java,10
MountdBase.java,3
Nfs3Base.java,3
SimpleTcpServer.java,1
SimpleUdpServer.java,1
CopyCommitter.java,3
ShortCircuitCache.java,5
TestShortCircuitCache.java,5
FSOutputSummer.java,3
DFSOutputStream.java,31
TestTracing.java,3
CommonNodeLabelsManager.java,1
TestNameNodeMetrics.java,8
ProcfsBasedProcessTree.java,12
ResourceCalculatorProcessTree.java,5
WindowsBasedProcessTree.java,2
TestProcfsBasedProcessTree.java,7
TestResourceCalculatorProcessTree.java,4
TestWindowsBasedProcessTree.java,3
FSDirXAttrOp.java,1
TestDataTransferProtocol.java,4
DataStreamer.java,1
PipelineAck.java,2
TestAuthenticationFilter.java,9
AuthenticationFilterInitializer.java,2
DatanodeDescriptor.java,12
TestBlockManager.java,11
Task.java,15
CpuTimeTracker.java,1
ContainerMetrics.java,1
ContainersMonitorImpl.java,5
DistCp.java,7
BPServiceActor.java,15
DNConf.java,3
TestIncrementalBlockReports.java,3
StringSignerSecretProvider.java,1
StringSignerSecretProviderCreator.java,1
TestHttpFSServer.java,5
RPCUtil.java,1
RMAdminCLI.java,3
TestRMAdminCLI.java,4
JavaKeyStoreProvider.java,14
NameNodeHttpServer.java,15
WebHdfsFileSystem.java,33
TestSymlinkHdfs.java,1
TestQuota.java,7
TestDelegationToken.java,11
TestDelegationTokenForProxyUser.java,3
TestAuditLogs.java,6
TestNameNodeRespectsBindHostKeys.java,1
TestFSMainOperationsWebHdfs.java,4
TestHttpsFileSystem.java,5
TestWebHDFS.java,7
TestWebHdfsFileSystemContract.java,13
TestWebHdfsTokens.java,4
TestWebHdfsWithMultipleNameNodes.java,3
WebHdfsTestUtil.java,4
NfsConfigKeys.java,4
Nfs3Metrics.java,1
AdminService.java,10
ClientServiceDelegate.java,17
TestClientServiceDelegate.java,9
CredentialShell.java,6
TestSafeMode.java,8
TestHASafeMode.java,8
DatanodeRegistration.java,4
DatanodeProtocolClientSideTranslatorPB.java,5
DatanodeProtocolServerSideTranslatorPB.java,3
PBHelper.java,14
DatanodeStorageInfo.java,6
BlockReportContext.java,1
DatanodeProtocol.java,4
TestBlockListAsLongs.java,1
TestNameNodePrunesMissingStorages.java,2
BlockReportTestBase.java,4
TestBPOfferService.java,9
TestBlockHasMultipleReplicasOnSameDN.java,1
TestDataNodeVolumeFailure.java,7
TestDatanodeProtocolRetryPolicy.java,2
TestDnRespectsBlockReportSplitThreshold.java,1
TestNNHandlesBlockReportPerStorage.java,1
TestNNHandlesCombinedBlockReport.java,1
TestTriggerBlockReport.java,1
NNThroughputBenchmark.java,9
TestDeadDatanode.java,2
TestDNFencing.java,1
BlockSender.java,12
ApplicationHistoryManagerOnTimelineStore.java,2
TestApplicationHistoryManagerOnTimelineStore.java,3
AllocationFileLoaderService.java,4
InvalidQueueNameException.java,1
QueueManager.java,9
TestAllocationFileLoaderService.java,4
TestQueueManager.java,1
TestTaskProgressReporter.java,1
NfsExports.java,5
TestNfsExports.java,3
TestLogAggregationService.java,17
TestFileOutputCommitter.java,6
MapFileOutputFormat.java,1
MRWebAppUtil.java,1
AggregatedLogFormat.java,12
AppLogAggregatorImpl.java,7
LogAggregationService.java,11
LeaseRenewer.java,8
DatanodeInfo.java,8
Balancer.java,17
BlockInfoContiguousUnderConstruction.java,2
BlockPlacementPolicyDefault.java,19
DatanodeManager.java,28
PendingReplicationBlocks.java,2
DataXceiver.java,18
Checkpointer.java,4
EditLogOutputStream.java,1
FSEditLog.java,19
FSEditLogLoader.java,21
FSImageFormat.java,18
LeaseManager.java,10
NamenodeFsck.java,10
EditLogTailer.java,6
JsonUtil.java,9
DFSTestUtil.java,23
TestGetBlocks.java,2
TestInjectionForSimulatedStorage.java,2
TestLease.java,5
TestLeaseRenewer.java,5
TestParallelReadUtil.java,3
TestReplication.java,5
TestBalancer.java,8
BlockManagerTestUtil.java,4
TestBlockInfoUnderConstruction.java,2
TestHeartbeatHandling.java,2
TestHostFileManager.java,2
TestNodeCount.java,2
TestOverReplicatedBlocks.java,4
TestReplicationPolicy.java,12
TestBlockReplacement.java,4
INodeFile.java,12
TestDiskspaceQuotaUpdate.java,4
TestTruncateQuotaUpdate.java,1
AppSchedulingInfo.java,9
FileOutputCommitter.java,5
TeraSort.java,5
ParameterParser.java,4
TestParameterParser.java,3
ClientProtocol.java,13
FileJournalManager.java,9
TestDFSUpgrade.java,4
FSDirConcatOp.java,1
TestHDFSConcat.java,1
WebAppUtils.java,4
TestWebAppUtils.java,2
NavBlock.java,10
WebHdfsHandler.java,2
LengthParam.java,1
OfflineImageViewerPB.java,4
RMContainerAllocator.java,20
TestRMContainerAllocator.java,26
TeraGen.java,3
TeraInputFormat.java,2
TeraOutputFormat.java,4
TeraScheduler.java,1
TeraSortConfigKeys.java,1
TestTeraSort.java,2
FileSystemRMStateStore.java,9
TestFSRMStateStore.java,3
ZKDelegationTokenSecretManager.java,5
TestAppManager.java,4
TestClientRMService.java,16
TestCapacityScheduler.java,19
AbstractCSQueue.java,3
CSQueue.java,7
CapacityScheduler.java,32
LeafQueue.java,45
ParentQueue.java,21
FiCaSchedulerApp.java,6
TestApplicationLimits.java,13
TestChildQueueOrder.java,3
TestLeafQueue.java,34
TestParentQueue.java,14
TestReservations.java,1
TestFileCreation.java,8
TestRenameWithSnapshots.java,6
DfsTask.java,1
S3FileSystem.java,3
S3AFastOutputStream.java,1
NativeS3FileSystem.java,5
AzureNativeFileSystemStore.java,6
NativeAzureFileSystem.java,6
CopyListingFileStatus.java,2
SimpleCopyListing.java,4
DistCpUtils.java,4
Buffer.java,2
Utils.java,2
TestFileTruncate.java,2
hadoop-yarn,48
BlockReaderFactory.java,3
DataTransferProtocol.java,4
Receiver.java,5
Sender.java,5
ShortCircuitRegistry.java,4
LeveldbTimelineStore.java,4
MemoryTimelineStore.java,2
TimelineDataManager.java,3
TimelineReader.java,1
TestLeveldbTimelineStore.java,2
TestTimelineDataManager.java,2
TimelineStoreTestUtils.java,4
DataStorage.java,13
FsDatasetSpi.java,7
TestDataNodeVolumeFailureReporting.java,4
ExternalDatasetImpl.java,3
TestFsDatasetImpl.java,6
DirectoryScanner.java,5
FsDatasetAsyncDiskService.java,3
Bzip2Compressor.java,1
Bzip2Decompressor.java,1
Lz4Compressor.java,1
Lz4Decompressor.java,1
SnappyCompressor.java,3
SnappyDecompressor.java,3
ZlibCompressor.java,3
ZlibDecompressor.java,2
TestBzip2CompressorDecompressor.java,1
TestLz4CompressorDecompressor.java,1
TestSnappyCompressorDecompressor.java,1
TestZlibCompressorDecompressor.java,1
StorageInterface.java,1
StorageInterfaceImpl.java,1
MockStorageInterface.java,1
Storage.java,11
FsDatasetTestUtil.java,3
NNBench.java,1
hadoop-common,114
TimelineClientImpl.java,3
TestTimelineAuthenticationFilter.java,1
MiniKdc.java,4
TestChangeOrgNameAndDomain.java,1
Resources.java,4
ProportionalCapacityPreemptionPolicy.java,3
TestProportionalCapacityPreemptionPolicy.java,5
OffsetParam.java,1
TestBlockReaderLocalLegacy.java,1
CryptoInputStream.java,2
CryptoOutputStream.java,1
MRAppMaster.java,38
ClientBaseWithFixes.java,1
ZKRMStateStore.java,14
TestZKRMStateStoreZKClientConnections.java,2
MaxRunningAppsEnforcer.java,3
RemoteBlockReader.java,4
TestCrcCorruption.java,3
TestFileCorruption.java,2
YarnClientImpl.java,9
ProtocolHATestBase.java,3
TestYarnClient.java,10
DFSAdmin.java,19
TestRollingUpgrade.java,4
TestSnapshotFileLength.java,3
MockNM.java,6
TestResourceTrackerService.java,16
hadoop-tools,12
FilterFileSystem.java,14
HdfsServerConstants.java,6
TestRollingUpgradeDowngrade.java,1
TestHdfsServerConstants.java,2
TestNameNodeOptionParsing.java,2
ApplicationSubmissionContext.java,5
TransferFsImage.java,11
StabilityOptions.java,2
AltKerberosAuthenticationHandler.java,2
TestKerberosUtil.java,3
Configuration.java,39
CipherSuite.java,2
FileSystem.java,37
StorageType.java,2
AclEntry.java,4
XAttrCommands.java,1
Name.java,2
CompressionCodecFactory.java,4
MetricsConfig.java,3
MetricsSystemImpl.java,7
SaslPropertiesResolver.java,2
SecurityUtil.java,20
WhitelistBasedResolver.java,2
FileBasedKeyStoresFactory.java,9
SSLFactory.java,3
SSLHostnameVerifier.java,2
DelegationTokenAuthenticationHandler.java,7
DelegationTokenAuthenticator.java,6
ComparableVersion.java,3
StringUtils.java,10
FileSystemContractBaseTest.java,1
TestIPC.java,14
TestSaslRPC.java,8
TestSecurityUtil.java,12
TestUserGroupInformation.java,21
TimedOutTestsListener.java,2
TestStringUtils.java,4
TestWinUtils.java,5
CheckUploadContentTypeFilter.java,4
FSOperations.java,7
HttpFSParametersProvider.java,5
Server.java,40
FileSystemAccessService.java,5
EnumParam.java,5
EnumSetParam.java,6
ParametersProvider.java,3
XAttrHelper.java,3
HdfsConstants.java,6
BlockStoragePolicySuite.java,2
StorageLocation.java,3
FSEditLogOp.java,10
QuotaByStorageTypeEntry.java,2
SecondaryNameNode.java,30
GetConf.java,5
OfflineEditsVisitorFactory.java,2
FSImageHandler.java,3
AuthFilter.java,4
ParamFilter.java,2
TestSnapshotManager.java,3
JobHistoryEventHandler.java,13
AppController.java,8
TypeConverter.java,15
MRApps.java,16
TestTypeConverter.java,12
FileSystemCounterGroup.java,5
DistributedCache.java,5
DBInputFormat.java,3
CLI.java,11
TestDFSIO.java,4
TestFileSystem.java,4
Constants.java,4
OperationData.java,2
OperationOutput.java,2
SliveTest.java,3
FileBench.java,2
TestMapRed.java,4
DBCountPageView.java,4
VersionInfoMojo.java,3
DistCpV1.java,5
GridmixJobSubmissionPolicy.java,3
TestSwiftFileSystemExtendedContract.java,1
HadoopLogsAnalyzer.java,4
JobBuilder.java,7
LoggedTask.java,2
LoggedTaskAttempt.java,5
Environment.java,2
ApplicationCLI.java,10
NodeCLI.java,5
GetApplicationsRequestPBImpl.java,5
ApplicationSubmissionContextPBImpl.java,4
FSDownload.java,8
HamletGen.java,2
RegistryUtils.java,1
AHSWebServices.java,2
TimelineWebServices.java,3
WebServices.java,2
ClientRMService.java,25
ResourceWeights.java,2
CapacitySchedulerConfiguration.java,16
FairSchedulerConfiguration.java,11
SchedulingPolicy.java,6
TestBlocksWithNotEnoughRacks.java,4
KerberosTestUtils.java,2
TestDirectoryScanner.java,6
JobHistoryServer.java,4
ResourceManager.java,40
WebAppProxyServer.java,4
JobConf.java,7
TestJobConf.java,3
TestClientToAMTokens.java,3
WebAppProxyServlet.java,9
TestWebAppProxyServlet.java,4
TestQueueMappings.java,1
DFSZKFailoverController.java,3
MultithreadedMapRunner.java,1
FileDiffList.java,2
FTPFileSystem.java,4
TestFTPFileSystem.java,1
MetaRecoveryContext.java,2
Client.java,45
ServerProxy.java,1
DomainSocketWatcher.java,5
TestDomainSocketWatcher.java,1
ResourceTrackerService.java,11
RMNodeReconnectEvent.java,1
TestApplicationCleanup.java,13
TestRMAppAttemptTransitions.java,24
MetricsSinkAdapter.java,2
TestMetricsSystemImpl.java,7
AbstractFileSystem.java,7
TestAfsCheckPath.java,2
MapTask.java,10
TestCredShell.java,4
TestClientProtocolProviderImpls.java,6
TestRPC.java,20
TestHighRamJob.java,2
HealthMonitor.java,5
DummyHAService.java,4
TestHealthMonitor.java,2
URLConnectionFactory.java,1
IndexCache.java,4
TaskLogAppender.java,3
CombineFileRecordReader.java,4
JobSubmitter.java,14
FieldSelectionHelper.java,1
SecureShuffleUtils.java,1
InMemoryReader.java,4
ResourceBundles.java,2
TestDockerContainerExecutorWithMocks.java,1
BlockScanner.java,1
VolumeScanner.java,2
TestBlockScanner.java,2
KerberosAuthenticator.java,10
AuthenticationToken.java,2
AuthToken.java,1
TestAuthenticationToken.java,2
TestAuthToken.java,1
HAAdmin.java,3
ApplicationImpl.java,9
MockAM.java,8
TestAMRMTokens.java,5
TestMapFile.java,2
Chain.java,1
TestRMRestart.java,22
Mover.java,3
DFSck.java,2
LsSnapshottableDir.java,2
SnapshotDiff.java,2
ResourceLocalizationService.java,19
TestResourceLocalizationService.java,12
Ls.java,6
BackupImage.java,2
NetworkTopology.java,6
YarnConfiguration.java,22
CgroupsLCEResourcesHandler.java,4
TestCgroupsLCEResourcesHandler.java,4
DeletionService.java,5
SerializationFactory.java,1
TestSerializationFactory.java,1
ClientContext.java,1
KeyProviderCache.java,1
TestEncryptionZonesWithHA.java,2
TestEncryptionZonesWithKMS.java,2
TestKeyProviderCache.java,1
TestReservedRawPaths.java,2
TestCachingStrategy.java,2
DatanodeInfoWithStorage.java,2
LocatedBlock.java,3
TestDatanodeManager.java,2
hadoop-assemblies,23
AbstractLivelinessMonitor.java,2
AMLivelinessMonitor.java,2
TestAMLivelinessMonitor.java,1
NetworkTopologyWithNodeGroup.java,3
DataDrivenDBInputFormat.java,1
OracleDataDrivenDBInputFormat.java,1
TestContinuousScheduling.java,1
TestRMWebServices.java,9
FSDataInputStream.java,2
HdfsDataInputStream.java,2
ConverterUtils.java,6
TestLargeSort.java,2
HttpFSUtils.java,2
HttpFSAuthenticationFilter.java,3
JSONMapProvider.java,2
JSONProvider.java,2
hadoop-mapreduce,86
RpcProgramNfs3.java,21
dev-support,36
BlockPoolSliceStorage.java,7
LogAdapter.java,1
SignalLogger.java,1
NameNode.java,36
Hadoop20JHParser.java,1
MapAttempt20LineHistoryEventEmitter.java,3
ParsedConfigFile.java,1
RandomSeedGenerator.java,1
ReduceAttempt20LineHistoryEventEmitter.java,3
AMRMTokenSecretManager.java,2
NMTokenSecretManagerInRM.java,3
RMContainerTokenSecretManager.java,1
TestCommitBlockSynchronization.java,3
TestDeleteRace.java,4
HadoopArchives.java,6
FSDirDeleteOp.java,2
FSDirRenameOp.java,3
INode.java,11
INodeDirectory.java,15
INodeMap.java,4
INodeReference.java,7
INodeSymlink.java,4
INodeWithAdditionalFields.java,2
AbstractINodeDiffList.java,2
DirectorySnapshottableFeature.java,2
DirectoryWithSnapshotFeature.java,4
FileWithSnapshotFeature.java,3
TestAclWithSnapshot.java,2
TestNestedSnapshots.java,4
TestSnapshotDeletion.java,7
TestXAttrWithSnapshot.java,1
ReplicaInputStreams.java,2
GangliaContext.java,2
AbstractGangliaSink.java,1
TestGangliaContext.java,2
TestGangliaSink.java,1
SaslRpcClient.java,6
TestFSDownload.java,9
HsNavBlock.java,3
Grep.java,1
AbstractYarnScheduler.java,5
TestAbstractYarnScheduler.java,2
AsyncDataService.java,1
OpenFileCtx.java,6
WriteManager.java,3
AMRMClientImpl.java,9
TestAMRMClient.java,5
CommonConfigurationKeysPublic.java,4
KMSACLs.java,2
KMSConfiguration.java,2
TestKMSACLs.java,1
CapacitySchedulerPage.java,12
CapacitySchedulerLeafQueueInfo.java,2
TestRMWebServicesCapacitySched.java,10
CrossOriginFilter.java,1
-D,1
ValueQueue.java,2
LinuxContainerExecutor.java,4
TestLinuxContainerExecutorWithMocks.java,6
KMSClientProvider.java,11
TestKMS.java,13
NodeHeartbeatResponsePBImpl.java,3
TestNodeStatusUpdater.java,19
ImageServlet.java,4
TestStandbyCheckpoints.java,13
ApplicationClassLoader.java,2
DatanodeStorage.java,2
TestDFSUpgradeFromImage.java,3
TestDatanodeLayoutUpgrade.java,1
TestDatanodeStartupFixesLegacyStorageIDs.java,1
UpgradeUtilities.java,5
LogCLIHelpers.java,3
TestConfiguration.java,19
BlockPoolSliceScanner.java,16
DataBlockScanner.java,5
TestDatanodeBlockScanner.java,7
BloomFilter.java,1
TestBloomFilters.java,1
ReplicaHandler.java,1
FsVolumeReference.java,1
FsVolumeSpi.java,2
RamDiskAsyncLazyPersistService.java,1
TestWriteBlockGetsBlockLengthHint.java,1
TestBlockRecovery.java,8
TestSimulatedFSDataset.java,2
ExternalVolumeImpl.java,1
FsVolumeListTest.java,1
TestWriteToReplica.java,4
RegisterApplicationMasterResponsePBImpl.java,3
TestBlockReaderLocal.java,3
TestMissingBlocksAlert.java,1
TestScrLazyPersistFiles.java,1
TestFsck.java,9
TestProcessCorruptBlocks.java,3
TestPendingCorruptDnMessages.java,2
TestShortCircuitLocalRead.java,5
TestNodeManagerResync.java,9
TestContainerResourceUsage.java,2
TestAMRestart.java,10
TestHttpServer.java,15
TestSSLHttpServer.java,3
DatanodeID.java,3
FSNamesystemLock.java,2
RwLock.java,3
TimelineDelegationTokenSecretManagerService.java,1
RMSecretManagerService.java,1
Stat.java,3
PacketReceiver.java,3
TestPacketReceiver.java,2
TestDataNodeExit.java,2
GraphiteSink.java,3
TestGraphiteMetrics.java,3
Journal.java,10
TestDataTransferKeepalive.java,6
NodeStatusUpdaterImpl.java,22
YARNDelegationTokenIdentifier.java,2
TestYARNTokenIdentifier.java,4
TestFetchImage.java,2
TestSocketIOWithTimeout.java,4
TestShuffleScheduler.java,3
BZip2Codec.java,3
TestLineRecordReader.java,10
ActiveStandbyElector.java,7
NetUtils.java,15
ShellBasedIdMapping.java,4
Groups.java,7
TestGroupsCaching.java,3
TestLazyPersistFiles.java,1
LeveldbRMStateStore.java,2
MemoryRMStateStore.java,2
NullRMStateStore.java,2
RMStateStore.java,10
RMStateStoreRMDTEvent.java,2
RMDelegationTokenSecretManager.java,2
RMStateStoreTestBase.java,6
TestZKRMStateStore.java,4
AsyncDispatcher.java,7
DrainDispatcher.java,3
TestShellBasedIdMapping.java,3
ByteBufferReadable.java,1
Graph.java,2
RMStateStoreAMRMTokenEvent.java,1
RMStateStoreEventType.java,2
RMStateStoreRMDTMasterKeyEvent.java,1
AclFeature.java,1
AclStorage.java,1
INodeAttributes.java,1
ReferenceCountMap.java,1
FSAclBaseTest.java,4
TestFileContextAcl.java,1
TestNameNodeAcl.java,1
TestWebHDFSAcl.java,1
FSDirAclOp.java,1
FileBasedIPList.java,1
FairSchedulerLeafQueueInfo.java,3
TestMaxRunningAppsEnforcer.java,2
ShuffleHandler.java,7
NMLeveldbStateStoreService.java,4
TestNMClient.java,6
NodeManagerMetrics.java,2
TestContainer.java,10
TestMapReduce.java,2
MockRM.java,23
InvalidMagicNumberException.java,1
SaslDataTransferServer.java,4
TestSaslDataTransfer.java,2
EncryptionZoneManager.java,1
FileContext.java,24
TestFileContext.java,1
JMXJsonServlet.java,6
TestJMXJsonServlet.java,3
TestCheckpoint.java,26
Hdfs.java,4
ChecksumFileSystem.java,10
RawLocalFileSystem.java,17
NativeIO.java,6
WindowsSecureContainerExecutor.java,3
TestLocalDirsHandlerService.java,2
OnDiskMapOutput.java,4
MountResponse.java,1
FileHandle.java,1
CREATE3Request.java,1
LINK3Request.java,1
LOOKUP3Request.java,1
MKDIR3Request.java,1
MKNOD3Request.java,1
REMOVE3Request.java,1
RENAME3Request.java,1
RMDIR3Request.java,1
SYMLINK3Request.java,1
XDR.java,1
CredentialsSys.java,2
TestYarnCLI.java,13
TestHdfsTextCommand.java,1
SchedulerApplicationAttempt.java,6
TestDecommissioningStatus.java,4
JournalNode.java,6
BlockPoolSlice.java,3
ExceptionHandler.java,2
FSImageUtil.java,1
XAttrPermissionFilter.java,3
DelimitedImageVisitor.java,2
FSImageLoader.java,2
FileDistributionCalculator.java,2
FileDistributionVisitor.java,2
LsImageVisitor.java,2
PBImageXmlWriter.java,8
TestSnapshot.java,4
TestOfflineImageViewer.java,7
HttpFSFileSystem.java,5
HttpsFSFileSystem.java,1
HttpFSExceptionProvider.java,3
HttpFSServer.java,9
HttpFSServerWebApp.java,2
XException.java,3
BaseService.java,2
FileSystemReleaseFilter.java,2
HostnameFilter.java,3
MDCFilter.java,2
ServerWebApp.java,2
Check.java,2
ConfigurationUtils.java,2
Parameters.java,2
PrivilegedNfsGatewayStarter.java,1
ReconfigurationServlet.java,2
Display.java,8
TFile.java,3
TFileDumper.java,2
NativeLibraryChecker.java,1
FSPermissionChecker.java,7
TestFSLeafQueue.java,1
TestMiniKdc.java,2
UserGroupInformation.java,39
ThrottledInputStream.java,2
AesCtrCryptoCodec.java,1
TestCryptoCodec.java,2
TestQueueParsing.java,6
KeyAuthorizationKeyProvider.java,4
ReplicaNotFoundException.java,1
DefaultSchedulerPage.java,5
MetricsOverviewTable.java,5
RMWebApp.java,3
ClusterMetricsInfo.java,6
TestRMWebServicesApps.java,7
TestRMWebServicesAppsModification.java,4
TestRMWebServicesDelegationTokens.java,2
TestRMWebServicesFairScheduler.java,1
TestRMWebServicesNodeLabels.java,1
MiniMRYarnCluster.java,11
MRClientService.java,10
TestMRClientService.java,6
HistoryClientService.java,9
TestJobHistoryServer.java,2
AggregatedLogsBlock.java,4
TestDbClasses.java,2
SchedulerNode.java,6
BlockInfo.java,7
StandbyCheckpointer.java,9
TestNameNodeMXBean.java,2
RMAuthenticationHandler.java,1
TestLeaseManager.java,2
FSQueue.java,7
TestRMHA.java,7
TestComputeInvalidateWork.java,1
TestHadoopArchives.java,4
SimpleHttpProxyHandler.java,1
TestRpcProgramNfs3.java,4
TestApplicationClassLoader.java,2
ClientHSPolicyProvider.java,1
HSAdminProtocol.java,1
HSAdminRefreshProtocol.java,1
HSAdminRefreshProtocolPB.java,1
JHAdminConfig.java,5
HSProxies.java,1
HSAdmin.java,2
HSAdminRefreshProtocolClientSideTranslatorPB.java,1
HSAdminRefreshProtocolServerSideTranslatorPB.java,1
HSAdminServer.java,1
TestHSAdminServer.java,2
TestKeyProviderFactory.java,8
ApplicationACLsManager.java,2
QueueACLsManager.java,1
TestAppPage.java,1
TestZKDelegationTokenSecretManager.java,3
TestNMLeveldbStateStoreService.java,3
CodecPool.java,2
TestCodecPool.java,2
LineRecordReader.java,7
ContainerLogAppender.java,3
TestContainerLogAppender.java,1
RMAppImpl.java,31
TestRMAppTransitions.java,19
BlockIdManager.java,1
TestEditLog.java,12
ByteArrayManager.java,1
TestHFlush.java,1
TestByteArrayManager.java,1
TestRM.java,13
ContainerExecutor.java,3
RecoveredContainerLaunch.java,1
Times.java,2
DirectoryCollection.java,3
TestNetUtils.java,10
Nfs3FileAttributes.java,1
Nfs3Utils.java,3
RpcUtil.java,1
TestUGILoginFromKeytab.java,1
LocalContainerAllocator.java,5
MRApp.java,14
MRAppBenchmark.java,5
MockJobs.java,12
TestCheckpointPreemptionPolicy.java,1
TestKillAMPreemptionPolicy.java,1
TestMRAppMaster.java,5
TestStagingCleanup.java,9
TestTaskAttempt.java,13
TestContainerLauncher.java,8
TestContainerLauncherImpl.java,9
TestBlocks.java,4
TestMRJobsWithHistoryService.java,5
ContainerId.java,5
UnmanagedAMLauncher.java,6
TestAMRMClientAsync.java,6
TestNMClientAsync.java,4
TestAHSClient.java,2
TestAMRMClientOnRMRestart.java,2
TestLogsCLI.java,3
TestContainerLaunchRPC.java,2
TestContainerId.java,5
TestContainerResourceDecrease.java,2
TestContainerResourceIncrease.java,2
TestContainerResourceIncreaseRequest.java,2
TestAggregatedLogFormat.java,10
TestAggregatedLogsBlock.java,2
ApplicationHistoryStoreTestUtils.java,1
TestApplicationHistoryClientService.java,2
TestFileSystemApplicationHistoryStore.java,4
TestMemoryApplicationHistoryStore.java,2
TestAHSWebApp.java,2
TestAHSWebServices.java,2
BuilderUtils.java,10
TestYarnServerApiClasses.java,1
TestProtocolRecords.java,2
TestRegisterNodeManagerRequest.java,2
TestEventFlow.java,3
TestLinuxContainerExecutor.java,3
TestNodeManagerReboot.java,6
TestNodeManagerShutdown.java,7
TestAuxServices.java,4
TestContainerManager.java,8
TestContainerManagerRecovery.java,1
TestContainerLaunch.java,14
TestContainersMonitor.java,6
TestRMApplicationHistoryWriter.java,5
MockAsm.java,10
TestSystemMetricsPublisher.java,3
TestRMContainerImpl.java,4
TestSchedulerApplicationAttempt.java,1
TestContainerAllocation.java,6
TestContainerManagerSecurity.java,6
LimitInputStream.java,1
FSImageFormatProtobuf.java,4
CryptoUtils.java,1
ContainerLaunch.java,14
QueueCLI.java,1
Dispatcher.java,6
NameNodeConnector.java,7
Merger.java,5
TestMerger.java,4
TestTimelineWebServices.java,2
TaskAttemptImpl.java,33
YARNRunner.java,24
TestMRJobs.java,18
TestUberAM.java,4
BlockInfoUnderConstruction.java,8
TestBlockInfo.java,5
TestDatanodeDescriptor.java,1
DelegationTokenAuthenticationFilter.java,2
TestRMFailover.java,1
RMFatalEventType.java,1
GetJournalEditServlet.java,3
TestNNWithQJM.java,4
TestSecureNNWithQJM.java,1
Shell.java,11
TestAuditLogger.java,2
TimelineEntity.java,1
TimelineEvent.java,1
TestTimelineRecords.java,2
SslSocketConnectorSecure.java,1
MiniKMS.java,2
TestJettyHelper.java,1
RMAppRecoverEvent.java,1
QueueNotFoundException.java,1
TestTraceAdmin.java,2
TestNativeAzureFileSystemMetricsSystem.java,1
DefaultContainerExecutor.java,10
AccessControlList.java,4
MapReduceChildJVM.java,4
TestMapReduceChildJVM.java,3
JobSubmissionFiles.java,4
DebugAdmin.java,1
TestDebugAdmin.java,1
OfflineEditsXmlLoader.java,2
XmlImageVisitor.java,4
XMLUtils.java,2
TestXMLUtils.java,2
SystemMetricsPublisher.java,3
IdentityHashStore.java,1
IdMappingConstant.java,1
Nfs3Constant.java,1
NfsConfiguration.java,3
TestFileAppendRestart.java,3
ApplicationMaster.java,19
PipeMapRed.java,1
TrApp.java,2
TestFairSchedulerConfiguration.java,2
ContainerLogsUtils.java,2
TestContainerLogsPage.java,6
UnexpectedReplicaStateException.java,1
TestBlockReaderFactory.java,3
RpcProgram.java,4
AbstractDelegationTokenIdentifier.java,5
AbstractDelegationTokenSecretManager.java,17
RMDelegationTokenIdentifierData.java,1
RMDelegationTokenIdentifierForTest.java,1
CacheReplicationMonitor.java,3
SpanReceiverHost.java,2
DFSClientCache.java,3
OpenFileCtxCache.java,1
WriteCtx.java,2
RMAuthenticationFilterInitializer.java,3
TestRMAdminService.java,7
TestRMProxyUsersConf.java,1
TestRMWebServicesDelegationTokenAuthentication.java,3
HAStressTestHarness.java,1
FileUtil.java,18
Classpath.java,1
TestFileUtil.java,15
IdUserGroup.java,5
TestWrites.java,3
DelegationTokenAuthenticatedURL.java,4
TestWebDelegationToken.java,4
TestYARNRunner.java,9
TestDefaultBlockPlacementPolicy.java,1
LayoutVersion.java,4
TestLayoutVersion.java,2
TestFSImageWithSnapshot.java,3
LocalFetcher.java,1
ShuffleSchedulerImpl.java,2
RMAuthenticationFilter.java,1
DelegationTokenManager.java,2
TestDelegationTokenAuthenticationHandlerWithMocks.java,3
TestDelegationTokenManager.java,1
TestOpenFilesWithSnapshot.java,3
Cluster.java,8
Limits.java,3
HistoryViewer.java,1
TraceSamplerFactory.java,1
TestCombineFileInputFormat.java,7
TestPBImplRecords.java,1
KeyProvider.java,5
KeyProviderCryptoExtension.java,4
TestFileAppend3.java,3
TestReplicationPolicyConsiderLoad.java,3
ParameterizedSchedulerTestBase.java,1
TestConverterUtils.java,4
TestApplicationACLsManager.java,1
NMStateStoreService.java,1
NodeHeartbeatResponse.java,2
DelegateToFileSystem.java,2
ContainerStatusPBImpl.java,2
Hamlet.java,1
TestHamlet.java,1
TestInfoBlock.java,4
TestStorageMover.java,1
TestFairCallQueue.java,1
FileSystemApplicationHistoryStore.java,2
KeyShell.java,6
FailureInjectingJavaKeyStoreProvider.java,1
INodesInPath.java,3
TestSnapshotPathINodes.java,2
TestMRCJCFileInputFormat.java,1
ConfigUtil.java,9
RunJar.java,3
FrameworkCounterGroup.java,2
TestCounters.java,10
NodesListManager.java,6
DistCpOptionSwitch.java,2
TestLeaseRecovery.java,3
JAXBContextResolver.java,3
NativeCrc32.java,1
TestNativeCrc32.java,1
TestJobHistoryParsing.java,14
TestMetadataVersionOutput.java,2
DominantResourceFairnessPolicy.java,3
FairSharePolicy.java,4
FifoPolicy.java,5
TestFSAppAttempt.java,1
FairSchedulerPage.java,8
RMCommunicator.java,12
ResourceCalculatorUtils.java,1
YarnChild.java,11
TestClusterTopology.java,1
TestFsDatasetCacheRevocation.java,1
TestTracingShortCircuitLocalRead.java,1
TestDataStorage.java,1
AbstractNNFailoverProxyProvider.java,2
TestJournalNode.java,2
ProtobufRpcEngine.java,5
RPC.java,8
RpcEngine.java,2
WritableRpcEngine.java,5
HAUtil.java,5
NameNodeProxies.java,5
SaslDataTransferClient.java,1
ConfiguredFailoverProxyProvider.java,1
TestRetryCacheWithHA.java,6
TestKMSWithZK.java,1
TestNonExistentJob.java,3
VersionMismatchException.java,1
MetricsDynamicMBeanBase.java,2
DiskChecker.java,4
Gridmix.java,5
StreamJob.java,10
ApplicationHistoryServer.java,3
RMApplicationHistoryWriter.java,1
CryptoStreamsTestBase.java,1
KeyProviderFactory.java,2
KMSExceptionsProvider.java,1
TestKeyProviderCryptoExtension.java,3
TestKeyAuthorizationKeyProvider.java,1
TestDSSleepingAppMaster.java,1
S3AFileSystem.java,1
S3AOutputStream.java,1
Progress.java,2
BestEffortLongFile.java,1
ComputeFairShares.java,3
TestRead.java,2
HistoryServerFileSystemStateStoreService.java,3
GenericOptionsParser.java,7
TestGenericOptionsParser.java,5
DefaultImpersonationProvider.java,1
TestProxyUsers.java,1
DelegationTokenSecretManager.java,9
NamenodeWebHdfsMethods.java,18
MRAMSimulator.java,2
TestDataNodeRollingUpgrade.java,2
TestConfServlet.java,1
ReplicaBeingWritten.java,1
ReplicaInfo.java,1
TestHDFSServerPorts.java,2
TestValidateConfigurationSettings.java,6
TestDelegationTokensWithHA.java,10
TestHAMetrics.java,2
TestHAStateTransitions.java,3
TestTools.java,1
TestBlocksScheduledCounter.java,1
TestSnapshotDiffReport.java,3
OsSecureRandom.java,1
TestOsSecureRandom.java,1
TestDFSRename.java,2
TestFileAppend4.java,5
TestStartup.java,7
CryptoCodec.java,1
PerformanceAdvisory.java,1
TestTextCommand.java,2
TestRefreshUserMappings.java,1
SleepJob.java,6
TestMRAMWithNonNormalizedCapabilities.java,2
TestMRJobsWithProfiler.java,1
AuthenticatorTestCase.java,5
TestKerberosAuthenticator.java,2
TestApplicationHistoryServer.java,2
FairSchedulerInfo.java,1
TestRMWebAppFairScheduler.java,2
Globber.java,7
TestGlobPaths.java,9
TestComparators.java,2
TestMapOutputType.java,2
TestKeyFieldBasedComparator.java,1
JobHistoryUtils.java,13
EmbeddedElectorService.java,3
DataXceiverServer.java,4
OracleDBRecordReader.java,1
TestJobEndNotifier.java,9
TestPipelinesFailover.java,3
RpcMetrics.java,2
JobImpl.java,35
TestJobImpl.java,16
TestHistoryFileManager.java,2
TestResourceManager.java,5
InputFormat.java,3
CompositeInputFormat.java,2
Job.java,18
MergeManagerImpl.java,7
TestHistoryServerFileSystemStateStoreService.java,1
TaskCompletionEvent.java,2
TestGridmixRecord.java,2
HdfsFileStatus.java,3
HdfsLocatedFileStatus.java,1
NetgroupCache.java,1
TestNetgroupCache.java,1
RMAppNewSavedEvent.java,1
RMAppUpdateSavedEvent.java,1
RMAppAttemptNewSavedEvent.java,1
RMAppAttemptUpdateSavedEvent.java,1
Schedulable.java,3
TestFairSchedulerFairShare.java,1
KMSRESTConstants.java,1
KMS.java,1
KMSAudit.java,1
KMSJMXServlet.java,2
TestKMSAudit.java,1
DFSUtil.java,21
TestDFSUtil.java,12
TaskPage.java,7
TasksBlock.java,3
HsTaskPage.java,6
TestDiskError.java,7
TestFileAppend.java,3
TestGenericRefresh.java,1
TestRefreshCallQueue.java,2
XmlEditsVisitor.java,1
LocalContainerLauncher.java,6
TestINodeFile.java,11
TestAMSimulator.java,1
TestNMSimulator.java,1
AMSimulator.java,1
NMSimulator.java,1
ResourceSchedulerWrapper.java,1
SLSCapacityScheduler.java,1
TaskRunner.java,1
TestSLSRunner.java,1
TestDatanodeConfig.java,2
TestNNStorageRetentionManager.java,6
TestWebHDFSForHA.java,7
ChRootedFs.java,2
ViewFileSystem.java,10
ViewFs.java,6
ViewFileSystemBaseTest.java,6
ViewFsBaseTest.java,4
RpcProgramMountd.java,3
XAttrNameParam.java,1
TestDFSShell.java,14
FSXAttrBaseTest.java,1
TestNamenodeRetryCache.java,3
TestParam.java,7
TestDFVariations.java,7
TestPathData.java,3
TestClientAccessPrivilege.java,1
BlockCommand.java,1
TestPBHelper.java,6
TestStat.java,1
BlockPlacementPolicyWithNodeGroup.java,4
TestFavoredNodesEndToEnd.java,2
NodePage.java,2
CombineFileInputFormat.java,7
FifoScheduler.java,34
ExcludeDatanodesParam.java,1
TestWebHdfsDataLocality.java,4
DatanodeStatistics.java,1
FSClusterStats.java,2
DatanodeWebHdfsMethods.java,11
TestDFSAdminWithHA.java,1
CompressionCodec.java,1
CompressionInputStream.java,1
CompressionOutputStream.java,1
DefaultCodec.java,2
GzipCodec.java,3
Lz4Codec.java,1
SnappyCodec.java,3
TestIsMethodSupported.java,1
AzureFileSystemMetricsSystem.java,1
AzureBlobStorageTestAccount.java,1
NativeAzureFileSystemBaseTest.java,1
TestFifoScheduler.java,20
FairSchedulerTestBase.java,5
TestKeyShell.java,5
AppAddedSchedulerEvent.java,2
AppAttemptAddedSchedulerEvent.java,1
TestLocalContainerLauncher.java,2
TestNfs3Utils.java,2
DataNodeTestUtils.java,5
CredentialProvider.java,1
UserProvider.java,8
SimpleUdpClient.java,1
FooterBlock.java,1
TestGetApplicationsRequest.java,3
TestUpdatePipelineWithSnapshots.java,1
RMApp.java,9
RMAppMetrics.java,1
RMAppAttempt.java,8
RMAppAttemptMetrics.java,1
RMContainerImpl.java,7
AppInfo.java,4
MockRMApp.java,10
DFSClientFaultInjector.java,4
TestPread.java,6
TestAclCommands.java,1
TestTimes.java,1
TestDeleteBlockPool.java,1
TestHttpCookieFlag.java,1
XAttr.java,1
MoveCommands.java,3
TestMove.java,1
SecurityHandler.java,1
SysSecurityHandler.java,1
FileNameIndexUtils.java,5
TestFileNameIndexUtils.java,4
CommandWithDestination.java,8
TestCopyPreserveFlag.java,1
FSImageFormatPBINode.java,4
FSImageSerialization.java,2
FileUnderConstructionFeature.java,1
CreateEditsLog.java,3
AllocationConfiguration.java,2
DelegationTokenIdentifier.java,4
SWebHdfsFileSystem.java,2
HostUtil.java,2
MetricsSourceAdapter.java,2
DefaultMetricsSystem.java,2
MBeans.java,2
TestLeaseRecovery2.java,4
TestSnapshotBlocksMap.java,4
Nfs3Interface.java,1
TestFrameDecoder.java,2
Nfs3.java,1
TestReaddir.java,1
ServiceAuthorizationManager.java,7
TestMRApp.java,5
TestResourceTrackerOnHA.java,1
RegisterNodeManagerRequest.java,1
RegisterNodeManagerRequestPBImpl.java,2
RMAppEventType.java,2
RMAppRunningOnNodeEvent.java,1
RMAppAttemptEventType.java,2
RMNodeStartedEvent.java,1
KerberosAuthenticationHandler.java,7
TestCacheDirectives.java,6
RetryInvocationHandler.java,5
TestFairSchedulerPreemption.java,3
TestFSDirectory.java,2
MapFile.java,5
SequenceFile.java,8
SetFile.java,4
WritableComparator.java,4
TestWritable.java,2
CompositeRecordReader.java,2
WrappedRecordReader.java,2
BaseTestHttpFSWith.java,2
TestHttpFSServerNoACLs.java,1
TestHdfsHelper.java,2
LdapGroupsMapping.java,4
SchedulingMonitor.java,1
TestGridMixClasses.java,1
INodeDirectorySnapshottable.java,4
TestSnapshotCommands.java,1
AppSchedulable.java,17
AvailableSpaceVolumeChoosingPolicy.java,1
TestAvailableSpaceVolumeChoosingPolicy.java,1
SwiftNativeFileSystemStore.java,1
CopyListing.java,1
DistCpConstants.java,2
DistCpOptions.java,3
CopyMapper.java,2
TestDistCpWithXAttrs.java,1
TestOptionsParser.java,4
TestCopyMapper.java,5
GetOpParam.java,3
TestJsonUtil.java,3
TestWebAppProxyServer.java,3
KeyStoreTestUtil.java,2
TestSSLFactory.java,3
TestStandbyBlockManagement.java,1
SerializedExceptionPBImpl.java,1
TestSerializedExceptionPBImpl.java,1
KMSCacheKeyProvider.java,1
HtmlPage.java,2
TestSubViews.java,1
TestHtmlPage.java,1
TaskLog.java,4
FSParentQueue.java,4
FSSchedulerApp.java,5
FakeSchedulable.java,1
ACCESS3Response.java,1
MiniQJMHACluster.java,3
TestFailureToReadEdits.java,4
DeleteOpParam.java,1
PutOpParam.java,2
TestHostsFiles.java,3
TestBalancerWithNodeGroup.java,5
CacheDirectiveIterator.java,2
CacheManager.java,5
CacheAdmin.java,7
FsAclPermission.java,1
InvalidateBlocks.java,3
TestIdUserGroup.java,1
ShellBasedUnixGroupsMapping.java,3
QueuePlacementRule.java,2
CheckpointConf.java,1
NNStorageRetentionManager.java,5
AbstractINodeDiff.java,1
FileDiff.java,1
Snapshot.java,2
SnapshotFSImageFormat.java,3
SnapshotManager.java,4
DepthCounter.java,1
ImageLoader.java,1
ImageLoaderCurrent.java,7
ImageVisitor.java,3
IndentedImageVisitor.java,2
NameDistributionVisitor.java,1
TextWriterImageVisitor.java,2
HttpOpParam.java,2
TestRetryProxy.java,2
ClientNamenodeProtocolServerSideTranslatorPB.java,11
ClientNamenodeProtocolTranslatorPB.java,10
DFSClientAdapter.java,4
TestAbandonBlock.java,2
TestPersistBlocks.java,3
TestRenameWhileOpen.java,1
TestSetrepDecreasing.java,1
TestSetrepIncreasing.java,1
TestMetaSave.java,3
TestDFSFinalize.java,1
TestJHSDelegationTokenSecretManager.java,1
TestJHSSecurity.java,4
TestKerberosAuthenticationHandler.java,4
JarFinder.java,2
TestAMAuthorization.java,6
PendingDataNodeMessages.java,1
FsDatasetUtil.java,1
PathIOException.java,1
TestPathExceptions.java,1
CompositeService.java,3
TestRMEmbeddedElector.java,1
TestClientRMTokens.java,4
BlockPoolManager.java,3
MiniDFSNNTopology.java,1
TestDataNodeMultipleRegistrations.java,2
CommonConfigurationKeys.java,7
HDFSPolicyProvider.java,2
TestSecondaryWebUi.java,4
TaskImpl.java,16
TestKill.java,2
HardLink.java,2
TestHardLink.java,2
TestJobClient.java,3
ZKFailoverController.java,4
TestZKFailoverController.java,3
TestSpeculativeExecutionWithMRApp.java,2
CompressorStream.java,1
TestCompressorStream.java,1
InfoBlock.java,2
JobEventType.java,4
Apps.java,3
OpenEntity.java,2
RandomTextWriter.java,3
TestByteRangeInputStream.java,4
DataTransferThrottler.java,3
TestDoAsEffectiveUser.java,6
MetricsSink.java,1
FileSink.java,1
TestFileSink.java,1
TestAMRMRPCNodeUpdates.java,4
TestNodeHealthService.java,3
TestMapReduceJobControl.java,1
-,2
RetryCache.java,2
TestFileJournalManager.java,6
TestBloomMapFile.java,2
JobIndexInfo.java,3
TestPipesNonJavaInputFormat.java,1
FsDatasetCache.java,2
MappableBlock.java,1
TestRBWBlockInvalidation.java,9
TestCallQueueManager.java,2
NameNodeMetrics.java,1
Credentials.java,8
TestGangliaMetrics.java,1
ByteRangeInputStream.java,4
TestBlockPoolSliceStorage.java,1
HostFileManager.java,2
TestDatanodeRegistration.java,6
ClientDatanodeProtocol.java,1
ClientDatanodeProtocolPB.java,1
ClientNamenodeProtocolPB.java,1
DatanodeProtocolPB.java,1
InterDatanodeProtocolPB.java,1
JournalProtocolPB.java,1
NamenodeProtocolPB.java,1
QJournalProtocol.java,5
QJournalProtocolPB.java,1
JournalNodeHttpServer.java,3
InterDatanodeProtocol.java,1
JournalProtocol.java,1
DFSHAAdmin.java,2
GetGroups.java,2
TestStartSecureDataNode.java,2
TestGetImageServlet.java,4
TestSecureNameNodeWithExternalKdc.java,1
TestMoveApplication.java,1
DF.java,5
TestCopyListing.java,3
TestDistCpSystem.java,1
TestDistCpViewFs.java,2
TestFileBasedCopyListing.java,1
TestGlobbedCopyListing.java,1
TestIntegration.java,3
TestCopyCommitter.java,3
TestUniformSizeInputFormat.java,2
TestDynamicInputFormat.java,1
Token.java,8
DelegationTokenSelector.java,1
DelegationTokenFetcher.java,8
TokenAspect.java,3
TestFileStatus.java,3
FakeRenewer.java,3
TestCopyFiles.java,2
TestStreamingTaskLog.java,2
TestPseudoAuthenticator.java,1
SnapshotInfo.java,1
SnapshottableDirectoryStatus.java,1
SnapshotStatsMXBean.java,1
TestSnapshotStatsMXBean.java,1
RetryCacheMetrics.java,1
TestRetryCacheMetrics.java,1
HarFileSystem.java,19
RollingLogsImpl.java,2
TestDelegationTokenRenewerLifecycle.java,1
QuorumJournalManager.java,5
JNStorage.java,3
TestJournal.java,2
ChRootedFileSystem.java,5
TestLocalFileSystem.java,11
RetryUtils.java,1
StorageInfo.java,3
TestDatanodeWebHdfsMethods.java,1
InetSocketAddressParam.java,4
NamenodeAddressParam.java,1
INodeId.java,1
TestSnapshotNameWithInvalidCharacters.java,1
TestNMWebServices.java,3
TestAuthFilter.java,2
TestFsDatasetCache.java,3
TestUnmanagedAMLauncher.java,6
TestTimelineClient.java,1
TestRPCFactories.java,7
TestRecordFactory.java,6
TestRpcFactoryProvider.java,2
TestAllocateRequest.java,1
TestAllocateResponse.java,1
TestApplicationAttemptId.java,3
TestApplicationId.java,3
TestNodeId.java,2
TestYarnConfiguration.java,3
TestRPCUtil.java,1
TestYSCRPCFactories.java,1
TestYSCRecordFactory.java,1
TestZKClient.java,2
TestDefaultContainerExecutor.java,2
TestNMAuditLogger.java,3
TestPBRecordImpl.java,1
BaseContainerManagerTest.java,5
TestApplication.java,7
TestLocalCacheDirectoryManager.java,1
TestLocalResourcesTrackerImpl.java,4
TestProcessIdFileReader.java,2
QueueACLsTestBase.java,2
TestApplicationACLs.java,2
TestApplicationMasterService.java,4
TestRMAuditLogger.java,3
TestSubmitApplicationWithRMHA.java,1
TestAMLaunchFailure.java,1
TestAMRMRPCResponseId.java,3
TestASMStateMachine.java,1
TestApplicationMasterExpiry.java,1
TestResourceWeights.java,1
TestNMExpiry.java,4
TestNMReconnect.java,2
TestComputeFairShares.java,1
TestFairSchedulerEventLog.java,3
TestDiskFailures.java,3
TestRMNMSecretKeys.java,1
TestAmFilter.java,2
StorageReceivedDeletedBlocks.java,1
TestIncrementalBrVariations.java,1
MAPREDUCE-4052,1
ShortCircuitReplica.java,2
TestEnhancedByteBufferAccess.java,2
BlockReaderTestUtil.java,1
DummyInputFormat.java,1
SliveMapper.java,1
SlivePartitioner.java,2
SliveReducer.java,1
JobInfo.java,2
TestJobInfo.java,1
BlockStorageLocationUtil.java,2
DataNodeFaultInjector.java,1
JobSummary.java,3
TestJobSummary.java,1
DataInputBuffer.java,1
ReduceContextImpl.java,2
LargeSorter.java,1
MapredTestDriver.java,3
TestKillApplicationWithRMHA.java,1
BlockReaderLocal.java,5
NodeStatusUpdater.java,3
MockNodeStatusUpdater.java,2
HasEnhancedByteBufferAccess.java,1
DfsClientShmManager.java,1
InvalidApplicationMasterRequestException.java,2
RMAuditLogger.java,2
SharedFileDescriptorFactory.java,1
Count.java,5
FileSystemBasedConfigurationProvider.java,1
HftpFileSystem.java,18
HsftpFileSystem.java,5
TestHftpDelegationToken.java,10
TestTokenAspect.java,1
RMZKUtils.java,1
MiniMRCluster.java,3
AclTransformation.java,1
TestAMWebApp.java,6
WebApps.java,7
AmFilterInitializer.java,1
FsUrlStreamHandlerFactory.java,3
TestUrlStreamHandler.java,1
TestUrlStreamHandlerFactory.java,1
TaskAttemptListenerImpl.java,9
VersionInfo.java,3
JspHelper.java,8
TestJspHelper.java,5
AclCommands.java,2
ClientCache.java,5
FsPermission.java,9
TestProgress.java,1
ClusterMetrics.java,5
LoadGenerator.java,3
LsrPBImage.java,3
TestFSImage.java,2
DataNodeCluster.java,1
TestReadOnlySharedStorage.java,1
RMAppAttemptContainerAllocatedEvent.java,2
Allocation.java,1
TestQueuePlacementPolicy.java,2
FileDataServlet.java,4
FSImageFormatPBSnapshot.java,2
JobControl.java,3
TestWebHdfsWithAuthenticationFilter.java,1
TestBackupNode.java,6
FSMainOperationsBaseTest.java,5
FileContextTestHelper.java,3
FileSystemTestHelper.java,4
TestFcHdfsCreateMkdir.java,2
TestFcHdfsPermission.java,2
TestFcHdfsSetUMask.java,3
TestHDFSFileContextMainOperations.java,2
TestResolveHdfsSymlink.java,3
TestSymlinkHdfsDisable.java,2
TestViewFileSystemAtHdfsRoot.java,3
TestViewFileSystemHdfs.java,5
TestViewFsAtHdfsRoot.java,3
TestViewFsHdfs.java,3
PathUtils.java,1
TestUGIWithSecurityOn.java,1
web-apps,1
TestCombineFileRecordReader.java,2
TestHftpFileSystem.java,6
JobHistoryParser.java,8
S3FileSystemContractBaseTest.java,2
NativeS3FileSystemContractBaseTest.java,4
TestDeduplicationMap.java,1
TestFSImageStorageInspector.java,2
NonAggregatingLogHandler.java,5
TestNonAggregatingLogHandler.java,4
ContainerLaunchFailAppMaster.java,2
TestDSFailedAppMaster.java,1
BlockReaderLocalLegacy.java,1
HttpConfig.java,2
TestHttpPolicy.java,1
TestNameNodeHttpServer.java,3
SecureDataNodeStarter.java,5
TestCompositeService.java,3
TestReplicationPolicyWithNodeGroup.java,2
InterfaceStability.java,1
TestFSOutputSummer.java,2
ConfServlet.java,2
AdminAuthorizedServlet.java,1
LogLevel.java,2
MetricsServlet.java,2
TestGlobalFilter.java,2
TestHtmlQuoting.java,4
TestHttpServerLifecycle.java,3
TestHttpServerWebapps.java,2
TestPathFilter.java,2
TestServletFilter.java,3
TestLogLevel.java,1
GetImageServlet.java,7
TestTransferFsImage.java,2
SnapshotTestHelper.java,1
WebApp.java,3
WebAppProxy.java,4
HttpRequestLog.java,1
VersionUtil.java,1
TestVersionUtil.java,1
Jets3tNativeFileSystemStore.java,1
BookKeeperJournalManager.java,4
TestBookKeeperAsHASharedDir.java,1
AsyncLogger.java,4
AsyncLoggerSet.java,4
IPCLoggerChannel.java,5
QJournalProtocolServerSideTranslatorPB.java,4
QJournalProtocolTranslatorPB.java,4
JournalNodeRpcServer.java,4
BackupJournalManager.java,4
BackupNode.java,9
JournalManager.java,3
JournalSet.java,5
TestDFSRollback.java,5
MiniJournalCluster.java,2
TestGenericJournalConf.java,4
TestBootstrapStandby.java,2
TestInitializeSharedEdits.java,2
QueuePlacementPolicy.java,1
HttpServer.java,25
TestNetworkedJob.java,1
TestTaskAttemptListenerImpl.java,6
HistoryFileManager.java,7
FSEditLogOpCodes.java,2
BlockReader.java,1
TestAddBlock.java,1
TestOfflineEditsViewer.java,1
BlockCollection.java,1
QueueMetrics.java,15
SchedulerApplication.java,2
TestQueueMetrics.java,9
TestConfigurationDeprecation.java,6
PortmapRequest.java,1
PseudoAuthenticationHandler.java,2
TestPseudoAuthenticationHandler.java,1
TestMRWithDistributedCache.java,4
WrappedReducer.java,1
TestGetConf.java,3
TestMetricsSourceAdapter.java,1
TestHarFileSystemBasics.java,4
TaskAttemptInfo.java,1
TaskInfo.java,2
TestAMWebServicesAttempts.java,4
TestAMWebServicesTasks.java,3
TaskReport.java,2
TaskReportPBImpl.java,2
TestHsWebServicesAttempts.java,4
TestHsWebServicesTasks.java,3
TestKeyProvider.java,1
DatanodeJspHelper.java,5
ReflectionUtils.java,4
TestJobCleanup.java,2
LocalDirAllocator.java,6
TestLinuxResourceCalculatorPlugin.java,2
TestWindowsResourceCalculatorPlugin.java,1
TestYarnVersionInfo.java,1
LogsPurgeable.java,3
TestQuorumJournalManager.java,3
NameNodeAdapter.java,6
PartialJob.java,6
HsJobBlock.java,3
HsJobsBlock.java,3
MockHistoryJobs.java,5
VerifyJobsUtils.java,1
LineReader.java,4
CompressedSplitLineReader.java,1
SplitLineReader.java,1
BasicInetPeer.java,1
DomainPeer.java,1
EncryptedPeer.java,1
NioInetPeer.java,1
Peer.java,1
TestParallelShortCircuitReadUnCached.java,1
TestPeerCache.java,1
FairSchedulerEventLog.java,3
RetriableFileCopyCommand.java,6
TestRetriableFileCopyCommand.java,1
CachePoolIterator.java,1
TestFixedLengthInputFormat.java,2
TestClientProtocolForPipelineRecovery.java,2
FCStatisticsBaseTest.java,2
TestLocalFsFCStatistics.java,1
TestFSSchedulerApp.java,2
LightWeightGSet.java,2
INodeDirectoryWithSnapshot.java,6
Log4jPropertyHelper.java,1
RmController.java,9
PathBasedCacheDirective.java,1
TestPathBasedCacheRequests.java,2
TestJMXGet.java,1
SchedulerPageUtil.java,1
TestListCorruptFileBlocks.java,3
TableListing.java,1
TestFetchFailure.java,4
CorruptReplicasMap.java,2
TestCorruptFilesJsp.java,1
INodeDirectoryWithQuota.java,2
DefaultSpeculator.java,3
ContainerLocalizer.java,6
TestContainerLocalizer.java,3
InvalidRequestException.java,1
CachePool.java,1
INodeFileUnderConstructionWithSnapshot.java,2
INodeFileWithSnapshot.java,2
INodeFileUnderConstruction.java,4
TestSchedulingMonitor.java,1
StartupProgress.java,1
TestStartupProgress.java,1
HdfsConfiguration.java,3
Logalyzer.java,2
DistributedCacheEmulator.java,3
AMRMClient.java,3
NMClient.java,1
NMTokenCache.java,1
NMClientImpl.java,2
TestDatanodeJsp.java,4
TestCheckpointsWithSnapshots.java,1
TestUserDefinedCounters.java,1
TestJobHistoryUtils.java,1
TestJobHistory.java,3
AMRMClientAsyncImpl.java,5
TestCapacitySchedulerQueueACLs.java,1
TestFairSchedulerQueueACLs.java,1
Queue.java,3
TestTextOutputFormat.java,1
Namesystem.java,2
TestShuffleProvider.java,1
DirectoryListingStartAfterNotFoundException.java,1
CapacitySchedulerQueueInfo.java,4
SaslRpcServer.java,4
SecretManager.java,3
LightWeightHashSet.java,2
TestDFSOutputStream.java,1
TestHarFileSystem.java,6
Application.java,3
TestFsShellCopy.java,7
FloatSplitter.java,1
CopyCommands.java,7
RetryPolicies.java,2
RetriableException.java,1
SafeModeException.java,1
CMgrCompletedContainersEvent.java,3
ContainerManagerImpl.java,11
RackResolver.java,3
TestRackResolver.java,2
RegisterApplicationMasterRequest.java,4
CMgrCompletedAppsEvent.java,1
CSQueueUtils.java,7
RMContainerRequestor.java,9
NamenodeJspHelper.java,8
TestNameNodeJspHelper.java,2
FileChecksumServlets.java,4
URL.java,2
URLPBImpl.java,2
JobClient.java,13
JSONUtil.java,1
ElasticByteBufferPool.java,1
FinishApplicationMasterRequest.java,3
TestRMAppAttemptImpl.java,2
TestMRJobClient.java,3
TestQueue.java,2
FSQueueMetrics.java,2
TestEmptyQueues.java,1
TestNativeIO.java,6
RollingLogs.java,1
TestDFSClientRetries.java,10
TestLossyRetryInvocationHandler.java,1
TokenIdentifier.java,1
HdfsAuditLogger.java,1
ClientService.java,1
TestMRAppComponentDependencies.java,1
InputSampler.java,1
FiCaSchedulerNode.java,3
FSSchedulerNode.java,4
ContainersLauncher.java,1
ApplicationConstants.java,3
MyTestJAXBContextResolver.java,1
MyTestWebService.java,1
TestWebApp.java,3
Path.java,5
TestPath.java,4
TestActiveStandbyElector.java,3
TestActiveStandbyElectorRealZK.java,2
FiCaSchedulerUtils.java,1
MockNodes.java,6
TestUtils.java,5
GetDelegationTokenRequest.java,2
PathData.java,8
CommandExecutor.java,1
LocalJobRunner.java,6
TestRecovery.java,5
TestRMStateStore.java,1
Priority.java,2
SnapshotCommands.java,1
TestSnapshotRename.java,2
FSImageTestUtil.java,6
RawLocalFs.java,3
FSTestWrapper.java,1
SymlinkBaseTest.java,1
TestSymlinkLocalFS.java,1
TestSymlinkLocalFSFileContext.java,1
TestSymlinkLocalFSFileSystem.java,1
BackupStore.java,1
FSWrapper.java,1
FileContextTestWrapper.java,1
FileSystemTestWrapper.java,1
UnderReplicatedBlocks.java,3
LightWeightLinkedSet.java,2
TestLightWeightLinkedSet.java,1
FileSystemLinkResolver.java,1
TestJobHistoryEvents.java,5
PortmapInterface.java,1
RpcProgramPortmap.java,1
ShutdownThreadsHelper.java,1
TestShutdownThreadsHelper.java,1
InvalidContainerReleaseException.java,1
WrappedMapper.java,1
FsShellPermissions.java,6
TestFsShellReturnCode.java,9
ClientRMProxy.java,1
YarnClient.java,3
RMProxy.java,1
ServerRMProxy.java,1
AMLauncher.java,4
MockRMWithCustomAMLauncher.java,2
TestApplicationMasterLauncher.java,3
NotRunningJob.java,6
ResourceMgrDelegate.java,10
ApplicationReport.java,3
ApplicationReportPBImpl.java,4
TestApplicatonReport.java,1
TestPermission.java,4
TestPermissionSymlinks.java,1
TestSlive.java,1
TestInterDatanodeProtocol.java,2
TestLightWeightCache.java,1
TestTokenCache.java,12
AMRMClientAsync.java,2
ResourceManagerAdministrationProtocolPB.java,1
MAPREDUCE-5412,1
JobStateInternal.java,3
AllocateRequest.java,3
TestAMRMClientContainerRequest.java,1
AllocateRequestPBImpl.java,2
FinishApplicationMasterRequestPBImpl.java,2
RegisterApplicationMasterRequestPBImpl.java,2
SnapshotAccessControlException.java,1
SnapshotException.java,1
TestDisallowModifyROSnapshot.java,1
ApplicationClientProtocol.java,1
ApplicationMasterProtocol.java,1
ContainerManagementProtocol.java,1
InvalidContainerException.java,1
InvalidResourceBlacklistRequestException.java,1
InvalidResourceRequestException.java,2
NMNotYetReadyException.java,1
DistCh.java,1
TestDistCh.java,1
TestUnderReplicatedBlocks.java,3
TestDeletionService.java,2
AuxServices.java,4
HttpFSKerberosAuthenticator.java,3
NodeHealthScriptRunner.java,2
TestMRAsyncDiskService.java,1
FileInputFormat.java,5
TestFileInputFormat.java,6
TestWebHdfsUrl.java,5
BlockDecompressorStream.java,5
TestBlockDecompressorStream.java,4
ShuffleHeader.java,1
TestShuffleHandler.java,4
GenerateDistCacheData.java,3
GridmixJob.java,2
CommonJobTest.java,1
TestDistCacheEmulation.java,3
TestCreateEditsLog.java,1
JniBasedUnixGroupsMapping.java,1
ContainerLauncherImpl.java,13
FsShell.java,17
TestFsShell.java,1
ChecksumFs.java,5
TestClose.java,1
TestMultiThreadedHflush.java,2
TestCLI.java,2
TestNNStorageRetentionFunctional.java,5
StateMachineFactory.java,2
VisualizeStateMachine.java,1
YarnVersionAnnotation.java,1
YarnVersionInfo.java,1
ClientRMSecurityInfo.java,1
RMDelegationTokenSelector.java,1
TestShellCommandFencer.java,2
JournalListener.java,1
JournalService.java,1
TestJournalService.java,1
TestTaskLog.java,1
FileContextMainOperationsBaseTest.java,11
TestFcHdfsSymlink.java,4
TestINodeFileUnderConstructionWithSnapshot.java,1
InMemoryMapOutput.java,1
TestRMNMInfo.java,3
TestFSNamesystem.java,4
TestShell.java,3
RmView.java,11
HostsFileReader.java,2
NMClientAsync.java,1
JvmMetricsInfo.java,1
MyApp.java,1
DelegationKey.java,2
AMAttemptInfo.java,3
TestLocalContainerAllocator.java,2
TestAMWebServicesJobs.java,5
TestHSWebApp.java,7
TestHsWebServicesJobs.java,6
GenericTestUtils.java,4
SingleCounterBlock.java,2
FileInputStreamCache.java,1
PlatformName.java,1
URLUtils.java,2
TestWebHdfsTimeouts.java,1
BlocksMap.java,2
BufferedFSInputStream.java,1
CheckpointFaultInjector.java,3
MRClientProtocol.java,3
MRClientProtocolPBClientImpl.java,4
MRClientProtocolPBServiceImpl.java,3
MRDelegationTokenRenewer.java,2
TestClientRedirect.java,7
TestResourceMgrDelegate.java,4
SpillRecord.java,1
TestSocketFactory.java,3
HATestUtil.java,2
TestZKFailoverControllerStress.java,1
TestDFSZKFailoverController.java,1
ShuffleScheduler.java,2
AllocateResponse.java,3
PreemptionContainer.java,1
PreemptionContract.java,1
PreemptionMessage.java,1
PreemptionResourceRequest.java,1
StrictPreemptionContract.java,1
AllocateResponsePBImpl.java,3
PreemptionContainerPBImpl.java,1
PreemptionContractPBImpl.java,1
PreemptionMessagePBImpl.java,1
PreemptionResourceRequestPBImpl.java,1
StrictPreemptionContractPBImpl.java,1
TestLocalFSFileContextSymlink.java,1
ResourceManagerConstants.java,1
RMAppManagerEventType.java,2
RMAppManagerSubmitEvent.java,2
FSImagePreTransactionalStorageInspector.java,4
TestDataNodeVolumeFailureToleration.java,4
PathFinder.java,1
LocalFileSystem.java,4
TemporarySocketDirectory.java,1
TestDFSHAAdmin.java,2
ShellCommandFencer.java,1
TestNodeFencer.java,1
TestHsWebServices.java,2
TestRMNMRPCResponseId.java,4
TestAllowFormat.java,2
TestNNThroughputBenchmark.java,1
TestNameEditsConfigs.java,4
TestLargeBlock.java,3
TestStorageRestore.java,1
WebServicesTestUtils.java,2
ReduceTask.java,7
Mapper.java,2
Reducer.java,2
TestMapperReducerCleanup.java,1
OfflineEditsBinaryLoader.java,1
TestEditLogJournalFailures.java,1
JobEndNotifier.java,4
HADOOP-9486,1
ContainerRemoteLaunchEvent.java,2
FileOutputFormat.java,2
TestFileOutputFormat.java,2
TestSecurityTokenEditLog.java,1
TestFileArgs.java,1
TestMultipleArchiveFiles.java,1
TestMultipleCachefiles.java,1
TestStreamXmlRecordReader.java,2
TestStreaming.java,1
TestStreamingKeyValue.java,1
TestStreamingOutputKeyValueTypes.java,2
TestSymLink.java,1
MRConfig.java,5
ExampleDriver.java,1
LocalDirsHandlerService.java,4
NodeAction.java,2
NodeManagerEventType.java,2
MetricsFilter.java,1
TestPatternFilter.java,1
TestBlockPoolManager.java,1
TestHDFSFileSystemContract.java,2
MockitoUtil.java,2
TestSetTimes.java,2
DefaultResourceCalculator.java,1
DominantResourceCalculator.java,1
ResourceCalculator.java,1
RMAdminProtocolPBClientImpl.java,3
LocalizationProtocolPBClientImpl.java,1
TestNetworkTopologyWithNodeGroup.java,1
-c1463804,1
RegisterNodeManagerResponsePBImpl.java,2
TestRegisterNodeManagerResponse.java,1
TestFileSystemCanonicalization.java,3
TestLdapGroupsMapping.java,1
QuorumCall.java,1
LocalClientProtocolProvider.java,6
TestStreamReduceNone.java,1
ReloadingX509TrustManager.java,1
LinuxResourceCalculatorPlugin.java,3
ResourceCalculatorPlugin.java,2
LinuxMemoryCalculatorPlugin.java,1
MemoryCalculatorPlugin.java,1
LoadJob.java,5
CumulativeCpuUsageEmulatorPlugin.java,3
ResourceUsageEmulatorPlugin.java,2
ResourceUsageMatcher.java,3
TotalHeapUsageEmulatorPlugin.java,3
DummyResourceCalculatorPlugin.java,1
TestGridmixMemoryEmulation.java,3
TestResourceUsageEmulators.java,3
ConcatSourcesParam.java,1
MiniMRClientClusterFactory.java,3
KerberosName.java,5
HadoopKerberosName.java,4
Shuffle.java,3
TestHsWebServicesJobsQuery.java,6
TestMiniDFSCluster.java,1
TestGridmixSummary.java,3
FSImageStorageInspector.java,1
FSImageTransactionalStorageInspector.java,1
LogVerificationAppender.java,1
HAContext.java,1
TestStandbyIsHot.java,2
TestSaveNamespace.java,3
ProtocMojo.java,1
TestHftpURLTimeouts.java,3
TestDataDirs.java,1
TestHttpFSFileSystemLocalFileSystem.java,1
TestServer.java,1
TestHostnameFilter.java,3
TestDirHelper.java,1
SocketCache.java,3
TestDiskChecker.java,2
DNS.java,2
JobCounterInfo.java,2
TestHAZKUtil.java,1
TestProxyUserFromEnv.java,1
TestMergeManager.java,2
ApplicationEventType.java,2
TaskAttempt.java,3
TestRuntimeEstimators.java,7
CompletedTaskAttempt.java,4
RMNode.java,3
ClassUtil.java,1
TestClassUtil.java,1
SplitMetaInfoReader.java,1
TaskAttemptUnsuccessfulCompletionEvent.java,3
TaskFailedEvent.java,1
OfflineEditsViewerHelper.java,4
PositionedReadable.java,1
TrashPolicy.java,1
BytesWritable.java,2
Text.java,4
RecordOutput.java,1
JobStatus.java,3
IdentityMapper.java,1
AbstractMapWritable.java,1
SortedMapWritable.java,2
TestSortedMapWritable.java,2
FromCpp.java,1
RecordBench.java,1
TestBuffer.java,1
TestRecordIO.java,1
TestRecordVersioning.java,1
ToCpp.java,1
TestIO.java,1
TestChainMapReduce.java,1
TestTaskImpl.java,10
RecoveryService.java,7
GetGroupsTestBase.java,1
TestListFiles.java,3
TestFileLengthOnClusterRestart.java,3
TestListFilesInDFS.java,1
RMDelegationTokenRenewer.java,1
RMDelegationTokenIdentifier.java,1
Delete.java,2
DSQuotaExceededException.java,1
ClusterJspHelper.java,1
ConnectTimeoutException.java,1
FsUsage.java,2
CheckpointSignature.java,2
TestSecondaryNameNodeUpgrade.java,2
TestKeyValueTextInputFormat.java,1
Errno.java,1
TaggedInputSplit.java,2
NotificationTestCase.java,2
DistributedPentomino.java,2
RPCCallBenchmark.java,1
RemoteBlockReader2.java,4
TestParallelRead.java,3
BackupState.java,2
TestCompressionStreamReuse.java,1
FileStatus.java,3
FileContextPermissionBase.java,3
TestLocalFSFileContextMainOperations.java,3
TestLocalFileSystemPermission.java,3
CSAssignment.java,2
HdfsProtoUtil.java,4
DataTransferEncryptor.java,1
DataTransferProtoUtil.java,3
TestHdfsProtoUtil.java,2
JobID.java,2
NodeManagerEvent.java,1
CancelDelegationTokenRequestPBImpl.java,2
GetDelegationTokenResponsePBImpl.java,1
RenewDelegationTokenRequestPBImpl.java,2
RMAdminProtocolPB.java,2
HSClientProtocol.java,3
MRDelegationTokenIdentifier.java,1
CancelDelegationTokenRequest.java,1
CancelDelegationTokenResponse.java,1
RenewDelegationTokenRequest.java,1
RenewDelegationTokenResponse.java,1
CancelDelegationTokenResponsePBImpl.java,1
RenewDelegationTokenResponsePBImpl.java,1
JobHistoryCopyService.java,1
ClientDatanodeProtocolServerSideTranslatorPB.java,1
ClientDatanodeProtocolTranslatorPB.java,1
LocalizerEventType.java,2
SortedRanges.java,1
MergeManager.java,2
MergeThread.java,1
PriorityPBImpl.java,2
Command.java,6
DU.java,1
TestDU.java,2
TestFileSystemInitialization.java,1
JniBasedUnixGroupsMappingWithFallback.java,2
TestJobOutputCommitter.java,1
TestVolumeId.java,1
TestNameNodeRecovery.java,4
TestUserProvider.java,3
UserParam.java,3
InodeTree.java,1
JQueryUI.java,2
Jsons.java,2
AppsList.java,8
NNHAStatusHeartbeat.java,1
UTF8.java,4
TestUTF8.java,2
ViewFileSystemTestSetup.java,3
ViewFsTestSetup.java,1
TaskHeartbeatHandler.java,3
TestSeekBug.java,1
StringParam.java,3
MapTaskStatus.java,1
NoCacheFilter.java,1
Test.java,3
NameCache.java,1
TestNameCache.java,1
BooleanParam.java,2
IntegerParam.java,2
LongParam.java,3
Param.java,2
ShortParam.java,2
TestDatanodeDeath.java,2
TestFileAppend2.java,1
NLineInputFormat.java,1
TestNLineInputFormat.java,1
KeyFieldBasedPartitioner.java,1
TestKeyFieldBasedPartitioner.java,1
TestAMInfos.java,1
HsView.java,4
GetDelegationTokenServlet.java,1
TestRPCCompatibility.java,1
TestBlockUnderConstruction.java,1
EventFetcher.java,3
TestEventFetcher.java,1
TaskCleanerImpl.java,2
TestMRApps.java,8
ApplicationMasterLauncher.java,3
ContainerLogsPage.java,4
TestPendingReplication.java,1
TestApplicationTokens.java,1
BuiltInGzipDecompressor.java,2
TestVLong.java,2
CompletedTask.java,2
TestCompletedTask.java,1
RecordFactoryProvider.java,2
RpcFactoryProvider.java,2
YarnRemoteExceptionFactoryProvider.java,2
TestMultipleNNDataBlockScanner.java,2
GlobExpander.java,1
ContextFactory.java,3
MetricsContext.java,1
MetricsException.java,1
MetricsRecord.java,1
AbstractMetricsContext.java,1
MetricsRecordImpl.java,1
DataChecksum.java,1
TestYarnClientProtocolProvider.java,4
WordMean.java,1
WordMedian.java,1
WordStandardDeviation.java,1
TestWordStats.java,1
HashingDistributionPolicy.java,1
IdentityLocalAnalysis.java,1
LineDocInputFormat.java,1
LineDocLocalAnalysis.java,1
LineDocRecordReader.java,1
LineDocTextAndOp.java,1
RoundRobinDistributionPolicy.java,1
LuceneIndexFileNameFilter.java,1
LuceneUtil.java,1
MixedDeletionPolicy.java,1
MixedDirectory.java,1
RAMDirectoryUtil.java,1
ShardWriter.java,1
UpdateIndex.java,1
DocumentAndOp.java,1
DocumentID.java,1
IDistributionPolicy.java,1
IIndexUpdater.java,1
ILocalAnalysis.java,1
IndexUpdateCombiner.java,1
IndexUpdateConfiguration.java,1
IndexUpdateMapper.java,1
IndexUpdatePartitioner.java,1
IndexUpdateReducer.java,1
IntermediateForm.java,1
TestMixedDirectory.java,1
TestDistributionPolicy.java,1
TestIndexUpdater.java,1
KerberosUtil.java,4
Host2NodesMap.java,2
TestNMWebServicesApps.java,1
TestDistCp.java,2
TotalOrderPartitioner.java,2
TestTotalOrderPartitioner.java,1
YarnCLI.java,1
RMAdminProtocol.java,2
RefreshAdminAclsRequest.java,1
RefreshAdminAclsResponse.java,1
RefreshNodesRequest.java,1
RefreshNodesResponse.java,1
RefreshQueuesRequest.java,1
RefreshQueuesResponse.java,1
RefreshServiceAclsRequest.java,1
RefreshServiceAclsResponse.java,1
RefreshSuperUserGroupsConfigurationRequest.java,1
RefreshSuperUserGroupsConfigurationResponse.java,1
RefreshUserToGroupsMappingsRequest.java,1
RefreshUserToGroupsMappingsResponse.java,1
RefreshAdminAclsRequestPBImpl.java,1
RefreshAdminAclsResponsePBImpl.java,1
RefreshNodesRequestPBImpl.java,1
RefreshNodesResponsePBImpl.java,1
RefreshQueuesRequestPBImpl.java,1
RefreshQueuesResponsePBImpl.java,1
RefreshServiceAclsRequestPBImpl.java,1
RefreshServiceAclsResponsePBImpl.java,1
RefreshSuperUserGroupsConfigurationRequestPBImpl.java,1
RefreshSuperUserGroupsConfigurationResponsePBImpl.java,1
RefreshUserToGroupsMappingsRequestPBImpl.java,1
RefreshUserToGroupsMappingsResponsePBImpl.java,1
RMAdmin.java,3
GetGroupsForTesting.java,2
TestGetGroups.java,2
RMAdminProtocolPBServiceImpl.java,2
AdminSecurityInfo.java,2
RMPolicyProvider.java,1
CredentialsTestJob.java,1
TestMRCredentials.java,1
TestHdfsNativeCodeLoader.java,1
MemStore.java,1
LoadSnappy.java,1
NativeCodeLoader.java,1
TestChRootedFileSystem.java,4
TestViewFsURIs.java,1
TestJobQueueInformation.java,1
TestSetupAndCleanupFailure.java,1
UtilsForTests.java,3
TestDirectoryCollection.java,2
TestDelegationTokenFetcher.java,3
TestTrash.java,7
LocalResource.java,2
LocalResourceType.java,2
LocalResourcePBImpl.java,2
LocalResourceRequest.java,1
LocalizedResource.java,2
LocalizerResourceRequestEvent.java,2
TestLocalResource.java,1
TestResourceRetention.java,2
TestConnCache.java,1
TestSocketCache.java,1
MutableQuantiles.java,1
TestLocalDirAllocator.java,5
IOUtils.java,8
TestIOUtils.java,7
SecondarySort.java,1
FTPInputStream.java,1
S3InputStream.java,2
MD5MD5CRC32FileChecksum.java,1
HdfsVolumeId.java,1
ExitUtil.java,1
RMAppFinishedAttemptEvent.java,1
MRBuilderUtils.java,4
OptionsParser.java,1
TestHDFSTrash.java,2
AppLogAggregator.java,1
AMRMProtocolPBClientImpl.java,2
ClientRMProtocolPBClientImpl.java,4
ContainerManagerPBClientImpl.java,4
TestCredentials.java,2
TestJob.java,3
TestModTime.java,1
TestTaskAttemptContainerRequest.java,1
TestLineReader.java,2
FailoverController.java,3
UpgradeCommand.java,1
TestFSInputChecker.java,1
JniBasedUnixGroupsNetgroupMappingWithFallback.java,1
TestGroupFallback.java,1
TestWritableName.java,2
TestFileSystemTokens.java,1
TestFilterFileSystem.java,8
TestViewFileSystemDelegationTokenSupport.java,2
HttpFSKerberosAuthenticationHandler.java,2
TestHttpFSKerberosAuthenticationHandler.java,1
TestHttpFSWithKerberos.java,1
TestHDFSCLI.java,1
TestFuseDFS.java,1
Container.java,2
MockContainer.java,1
PacketHeader.java,1
HttpFSPseudoAuthenticator.java,1
HttpFSReleaseFilter.java,1
RunnableCallable.java,1
ServerException.java,1
Service.java,1
ServiceException.java,1
DelegationTokenManagerException.java,1
FileSystemAccess.java,1
FileSystemAccessException.java,1
Instrumentation.java,1
ProxyUser.java,1
Scheduler.java,1
InstrumentationService.java,1
SchedulerService.java,1
DelegationTokenManagerService.java,1
GroupsService.java,1
ProxyUserService.java,1
ByteParam.java,1
ExceptionProvider.java,1
InputStreamEntity.java,4
SortValidator.java,2
TestCopy.java,1
TestLocalDistributedCacheManager.java,2
Submitter.java,1
JobContext.java,1
MRCaching.java,2
TestMiniMRDFSCaching.java,1
TestSpeculativeExecution.java,3
Sort.java,1
LocalResourcesTrackerImpl.java,3
Touchz.java,2
TestFileSystemCaching.java,8
TestDFSMkdirs.java,1
Mkdir.java,4
TestHAAppend.java,1
TestReadWhileWriting.java,1
TestTFileByteArrays.java,2
TestGetFileBlockLocations.java,1
ActiveUsersManager.java,2
SchedulerAppReport.java,2
FSQueueSchedulable.java,1
JobQueueClient.java,6
TestIndexCache.java,2
BlockTokenSecretManager.java,1
Progressable.java,1
Reporter.java,1
EditLogFileInputStream.java,4
IFile.java,1
AvroReflectSerialization.java,1
TestAvroSerialization.java,1
ServletUtil.java,1
TestHostsFileReader.java,1
EditLogFileOutputStream.java,6
EditsDoubleBuffer.java,2
TestEditLogFileOutputStream.java,4
TestRestartDFS.java,1
TestDatanodeRestart.java,1
TestParallelImageWrite.java,1
Decoder.java,1
DistRaidNode.java,1
Encoder.java,1
RaidConfigurationException.java,1
ShutdownHookManager.java,2
ParsedTask.java,1
SampleDataJoinMapper.java,2
SampleDataJoinReducer.java,2
SampleTaggedMapOutput.java,2
AuthenticatedURL.java,1
TestAuthenticatedURL.java,1
HdfsUtils.java,1
TestJarFinder.java,1
PermissionStatus.java,1
TestText.java,2
StreamLimiter.java,2
TestEditLogsDuringFailover.java,1
TestFailureOfSharedDir.java,1
Util.java,1
AppAttemptInfo.java,1
AppAttemptsInfo.java,1
ApplicationFinishEvent.java,1
TestHAConfiguration.java,1
RoundRobinUserResolver.java,2
MRBench.java,1
TestDFSPermission.java,2
BookKeeperEditLogInputStream.java,2
FSEditLogTestUtil.java,1
EditLogBackupInputStream.java,2
EditLogInputStream.java,1
TestFSEditLogLoader.java,2
StressJobFactory.java,2
MultiFileWordCount.java,1
GetUserMappingsProtocolPB.java,1
TestLightWeightHashSet.java,1
SaveNamespaceContext.java,1
Canceler.java,1
AvgRecordFactory.java,1
ClusterSummarizer.java,1
CompressionEmulationUtil.java,3
EchoUserResolver.java,1
ExecutionSummarizer.java,2
FilePool.java,1
FileQueue.java,1
GenerateData.java,1
GridmixKey.java,1
GridmixRecord.java,1
GridmixSplit.java,1
InputStriper.java,1
IntermediateRecordFactory.java,1
JobCreator.java,1
JobFactory.java,2
JobMonitor.java,1
LoadSplit.java,1
Progressive.java,1
PseudoLocalFs.java,1
RandomAlgorithms.java,1
RandomTextDataGenerator.java,1
ReadRecordFactory.java,1
RecordFactory.java,2
ReplayJobFactory.java,1
SerialJobFactory.java,1
StatListener.java,1
Statistics.java,1
SubmitterUserResolver.java,1
Summarizer.java,1
UserResolver.java,1
DebugJobFactory.java,1
DebugJobProducer.java,1
GridmixTestUtils.java,1
TestCompressionEmulationUtils.java,4
TestFilePool.java,1
TestFileQueue.java,1
TestPseudoLocalFs.java,1
TestRandomAlgorithm.java,1
TestRandomTextDataGenerator.java,1
TestUserResolve.java,2
CountersBlock.java,3
TestFileCreationClient.java,1
TestReplaceDatanodeOnFailure.java,2
ArrayListBackedIterator.java,1
DataJoinJob.java,1
DataJoinMapperBase.java,1
DataJoinReducerBase.java,1
JobBase.java,1
ResetableIterator.java,1
TaggedMapOutput.java,1
TestDataJoin.java,1
Block.java,1
TestStateTransitionFailure.java,2
RMNMInfo.java,2
TestToken.java,1
DelegationTokenRenewal.java,2
TestTableMapping.java,1
BlockPlacementPolicyRaid.java,2
TestBlockPlacementPolicyRaid.java,5
NameNodeRaidTestUtil.java,3
RemoteEditLogManifest.java,1
NodeState.java,1
RMNodeState.java,4
NodeInfo.java,1
TestNodesPage.java,6
TestAppController.java,1
WritableUtils.java,2
TestWritableUtils.java,1
TestDeprecatedKeys.java,4
TestSequenceFile.java,5
TestFileContextDeleteOnExit.java,1
TestShutdownHookManager.java,1
HttpFSParams.java,1
TestHttpFSFileSystem.java,1
TestCheckUploadContentTypeFilter.java,1
DistributedFSCheck.java,1
JobHistory.java,5
HistoryEventEmitter.java,1
JobInProgress.java,10
TaskFinishedEvent.java,1
Task20LineHistoryEventEmitter.java,1
RaidBlockSender.java,3
NameNodeRaidUtil.java,1
BlockFixer.java,5
MiniDFSClusterManager.java,1
TestRackResolverScriptBasedMapping.java,1
TestHarFileSystemWithHA.java,1
InterDatanodeProtocolServerSideTranslatorPB.java,1
InterDatanodeProtocolTranslatorPB.java,1
NotInMountpointException.java,1
TestDataDrivenDBInputFormat.java,1
TestDBJob.java,1
NamespaceInfo.java,1
JobCounter.java,1
HAServiceTarget.java,1
CapacitySchedulerInfo.java,2
CapacitySchedulerQueueInfoList.java,1
TestMiniMRChildTask.java,1
ContainerLauncher.java,3
HsWebServices.java,1
TestJobInProgress.java,2
TestPendingDataNodeMessages.java,1
TestFailoverController.java,2
TestMROutputFormat.java,2
MapTaskAttemptImpl.java,2
ReduceTaskAttemptImpl.java,2
MapTaskImpl.java,2
ReduceTaskImpl.java,2
AppendTestUtil.java,2
ZombieJob.java,2
SshFenceByTcpPort.java,1
TestSshFenceByTcpPort.java,1
TestWritableJobConf.java,1
FSDataset.java,3
JobClientUnitTest.java,3
TestGridmixExitCodes.java,1
TestGridmixSubmission.java,2
TestDNS.java,1
AppContext.java,1
ControlledClock.java,1
TestAMWebServices.java,1
TestAMWebServicesJobConf.java,1
TestHsWebServicesJobConf.java,1
ClusterInfo.java,1
TestSubmitJob.java,3
MRAppMetrics.java,1
AmIpFilter.java,2
ClientRMProtocol.java,4
ClientHSSecurityInfo.java,2
TestMulitipleNNDataBlockScanner.java,1
JobACLsManager.java,1
TestJobAclsManager.java,1
CounterGroupFactory.java,1
AMWebServices.java,1
TaskAttemptID.java,2
TaskID.java,2
BlockRecoveryCommand.java,1
ExtendedBlock.java,1
TestExtendedBlock.java,1
TestFSMainOperationsLocalFileSystem.java,1
TestViewFileSystemDelegation.java,1
TestViewFsTrash.java,2
TestLargeDirectoryDelete.java,1
TestAppendDifferentChecksum.java,1
TestBalancerWithMultipleNameNodes.java,1
SampleStat.java,1
TestSampleStat.java,1
Counter.java,3
CounterGroupBase.java,2
GenericCounter.java,1
TestJobCounters.java,3
HamletImpl.java,1
TestMiniMRClientCluster.java,1
TestJobMonitorAndPrint.java,3
LogDumper.java,1
TestLogDumper.java,1
TestStreamingBadRecords.java,1
TestUlimit.java,1
TestMiniMRProxyUser.java,1
YarnWebParams.java,1
AbstractCounterGroup.java,1
RMNMInfoBeans.java,1
SchedulerApp.java,9
DataNodeAdapter.java,1
TestBlockReport.java,1
ProtoOverHadoopRpcEngine.java,3
GenericMRLoadGenerator.java,2
ThreadedMapBenchmark.java,1
RandomWriter.java,1
BenchmarkThroughput.java,1
Decompressor.java,1
TestConcurrentRead.java,1
TestParsedLine.java,1
TestRumenAnonymization.java,1
TestRumenFolder.java,1
TestRumenJobTraces.java,4
TestZombieJob.java,1
JobTaskAttemptCounterInfo.java,1
EditLogBackupOutputStream.java,1
HSClientProtocolPBClientImpl.java,1
HSClientProtocolPBServiceImpl.java,1
WebServer.java,2
TestNMWebServer.java,1
TaskAttemptListener.java,2
TestTaskFail.java,1
TestWebUIAuthorization.java,1
JobQueueInfo.java,2
NetUtilsTestResolver.java,1
ResponseInfo.java,1
TestMROldApiJobs.java,1
TestSleepJob.java,1
TestStreamJob.java,1
StreamUtil.java,1
TestMRFramework.java,1
DummyGroupMapping.java,1
YarnScheduler.java,3
TestMRAppWithCombiner.java,1
TestLocalModeWithNewApis.java,1
ProxyUriUtils.java,1
TestProxyUriUtils.java,1
ContainerTokenSecretManager.java,1
TestJobQueueClient.java,3
AvroRpcEngine.java,2
AvroSpecificRpcEngine.java,2
RpcPayloadHeader.java,1
AvroTestProtocol.java,1
TestAvroRpc.java,2
LocatedBlocks.java,1
ClientNamenodeWireProtocol.java,1
DatanodeInfoWritable.java,1
HdfsFileStatusWritable.java,1
LocatedBlocksWritable.java,1
DatanodeCommand.java,1
DatanodeWireProtocol.java,1
TestDfsOverAvroRpc.java,2
NamenodeRpcAddressParam.java,1
InvalidJobConfException.java,1
RunningJob.java,1
KeyValueLineRecordReader.java,1
CreateParentParam.java,1
PermissionParam.java,1
ProtobufHelper.java,1
TestFailoverProxy.java,1
TestJobClientGetJob.java,1
ContainerPBImpl.java,2
MapAttemptFinishedEvent.java,3
ReduceAttemptFinishedEvent.java,4
TaskAttempt20LineEventEmitter.java,1
TestCombineOutputCollector.java,1
AppView.java,1
AllApplicationsPage.java,1
TestFiDataXceiverServer.java,2
UnresolvedPathException.java,1
TestLocalDFS.java,1
RpcClientFactory.java,2
RpcClientFactoryPBImpl.java,1
HadoopYarnProtoRPC.java,2
HadoopYarnRPC.java,1
YarnRPC.java,1
TestContextFactory.java,2
HsLogsPage.java,1
ProcessIdFileReader.java,1
AggregatedLogsPage.java,1
ClientNamenodeProtocolTranslatorR23.java,1
NamenodeProtocolTranslatorR23.java,1
TestMRCLI.java,1
TestNoDefaultsJobConf.java,1
TestSeveral.java,1
TestNoJobSetupCleanup.java,1
TestTaskContext.java,1
TestViewfsFileStatus.java,1
HeartbeatResponse.java,1
RegistrationResponse.java,1
HeartbeatResponsePBImpl.java,2
RegistrationResponsePBImpl.java,2
RMNodeEventType.java,2
TestFail.java,3
HistoryEvent.java,1
JobUnsuccessfulCompletionEvent.java,1
NormalizedResourceEvent.java,1
TaskStartedEvent.java,1
LocalizerEvent.java,1
ResourceEventType.java,1
FailingMapper.java,1
AbstractService.java,1
HdfsTestDriver.java,1
CoreTestDriver.java,1
TaskAttemptStatusUpdateEvent.java,1
TokenRenewer.java,1
BlockTokenIdentifier.java,1
JobTokenIdentifier.java,1
ApplicationTokenIdentifier.java,1
ContainerTokenIdentifier.java,1
TestDelegationTokenRenewal.java,1
ApplicationResourceUsageReport.java,1
ApplicationResourceUsageReportPBImpl.java,1
ProtoUtils.java,2
MockApps.java,2
Pre21JobHistoryConstants.java,1
TraceBuilder.java,1
NameNodeResourceChecker.java,1
TestNameNodeResourceChecker.java,1
HadoopTestCase.java,1
TestCollect.java,1
TestJavaSerialization.java,1
TestReduceFetchFromPartialMem.java,1
TestMapCollection.java,2
NMLivelinessMonitor.java,2
ContainerAllocationExpirer.java,1
Master.java,1
TestMaster.java,1
FSConstants.java,1
core-site,2
AboutBlock.java,1
AboutPage.java,1
AppsBlockWithMetrics.java,1
hadoop-setup,1
SchedulerNodeReport.java,2
JobSplitWriter.java,1
JobInitedEvent.java,1
Job20LineHistoryEventEmitter.java,1
JobReport.java,3
JobReportPBImpl.java,3
TestHost2NodesMap.java,1
TestReplicasMap.java,1
NodeUpdateSchedulerEvent.java,2
TestContainerTokenSecretManager.java,2
GetNewApplicationRequest.java,1
GetNewApplicationResponse.java,1
GetNewApplicationIdResponsePBImpl.java,2
GetNewApplicationRequestPBImpl.java,1
GetNewApplicationResponsePBImpl.java,1
ClientRMProtocolPBServiceImpl.java,3
KillApplicationRequest.java,1
KillApplicationResponse.java,1
KillApplicationRequestPBImpl.java,1
KillApplicationResponsePBImpl.java,1
InlineDispatcher.java,2
TestContainerManagerWithLCE.java,1
JobConfPage.java,1
ContainerPage.java,2
JobTrackerClientProtocolProvider.java,2
QueueManagerTestUtils.java,1
TestMiniMRClasspath.java,1
TestSpecialCharactersInOutputPath.java,1
MRConstants.java,1
YarnClientProtocolProvider.java,3
Router.java,1
NodeId.java,3
JobId.java,2
TaskAttemptId.java,2
TaskId.java,2
JobIdPBImpl.java,1
TaskAttemptIdPBImpl.java,2
TaskIdPBImpl.java,1
TestIds.java,1
ApplicationAttemptId.java,3
ApplicationId.java,3
ApplicationAttemptIdPBImpl.java,3
NodeIdPBImpl.java,2
JobContextImpl.java,1
TeraChecksum.java,1
TeraValidate.java,1
TestClusterStatus.java,1
TestTrackerDistributedCacheManager.java,2
HeaderBlock.java,1
DummyContainerManager.java,1
ApplicationIdPBImpl.java,2
ContainerIdPBImpl.java,2
StartContainerResponsePBImpl.java,3
App.java,1
AttemptsPage.java,1
HsAboutPage.java,1
HsController.java,1
HsCountersPage.java,1
HsJobPage.java,1
HsWebApp.java,1
TwoColumnLayout.java,1
TestStreamingAsDifferentUser.java,1
NMAuditLogger.java,1
ControlledJob.java,1
TestMapReduceJobControlWithMocks.java,1
CapacitySchedulerContext.java,1
TaskAttemptContainerLaunchedEvent.java,1
TaskAttemptEvent.java,1
StartContainerResponse.java,2
TaskRuntimeEstimator.java,1
TIPStatus.java,1
ContainerManager.java,1
AMResponse.java,1
ResourceScheduler.java,1
BinaryComparable.java,1
BooleanWritable.java,1
ByteWritable.java,1
DoubleWritable.java,1
FloatWritable.java,1
IntWritable.java,1
LongWritable.java,1
NullWritable.java,1
VIntWritable.java,1
VLongWritable.java,1
WritableComparable.java,3
Key.java,1
RandomDatum.java,1
TestTextNonUTF8.java,1
CustomOutputCommitter.java,1
WrappedPeriodicStatsAccumulator.java,1
WrappedProgressSplitsBlock.java,1
JobCounterUpdateEvent.java,1
ContainerFailedEvent.java,1
FailTaskAttemptRequest.java,1
FailTaskAttemptResponse.java,1
GetCountersRequest.java,1
GetCountersResponse.java,1
GetDiagnosticsRequest.java,1
GetDiagnosticsResponse.java,1
GetJobReportRequest.java,1
GetJobReportResponse.java,1
GetTaskAttemptCompletionEventsRequest.java,1
GetTaskAttemptCompletionEventsResponse.java,1
GetTaskAttemptReportRequest.java,1
GetTaskAttemptReportResponse.java,1
GetTaskReportRequest.java,1
GetTaskReportResponse.java,1
GetTaskReportsRequest.java,1
GetTaskReportsResponse.java,1
KillJobRequest.java,1
KillJobResponse.java,1
KillTaskAttemptRequest.java,1
KillTaskAttemptResponse.java,1
KillTaskRequest.java,1
KillTaskResponse.java,1
FailTaskAttemptRequestPBImpl.java,1
FailTaskAttemptResponsePBImpl.java,1
GetCountersRequestPBImpl.java,1
GetCountersResponsePBImpl.java,1
GetDiagnosticsRequestPBImpl.java,1
GetDiagnosticsResponsePBImpl.java,1
GetJobReportRequestPBImpl.java,1
GetJobReportResponsePBImpl.java,1
GetTaskAttemptCompletionEventsRequestPBImpl.java,1
GetTaskAttemptCompletionEventsResponsePBImpl.java,1
GetTaskAttemptReportRequestPBImpl.java,1
GetTaskAttemptReportResponsePBImpl.java,1
GetTaskReportRequestPBImpl.java,1
GetTaskReportResponsePBImpl.java,1
GetTaskReportsRequestPBImpl.java,1
GetTaskReportsResponsePBImpl.java,1
KillJobRequestPBImpl.java,1
KillJobResponsePBImpl.java,1
KillTaskAttemptRequestPBImpl.java,1
KillTaskAttemptResponsePBImpl.java,1
KillTaskRequestPBImpl.java,1
KillTaskResponsePBImpl.java,1
CounterGroup.java,1
Phase.java,1
TaskAttemptCompletionEvent.java,1
TaskAttemptCompletionEventStatus.java,1
TaskAttemptReport.java,1
TaskAttemptState.java,1
TaskState.java,1
CounterGroupPBImpl.java,1
CounterPBImpl.java,1
CountersPBImpl.java,1
TaskAttemptCompletionEventPBImpl.java,1
TaskAttemptReportPBImpl.java,1
JHConfig.java,1
MRProtoUtils.java,1
QueueRefresher.java,1
FailMapper.java,1
AMRMProtocol.java,1
FinishApplicationMasterResponse.java,1
FinishApplicationRequest.java,1
FinishApplicationResponse.java,1
GetAllApplicationsRequest.java,1
GetAllApplicationsResponse.java,1
GetApplicationReportRequest.java,1
GetApplicationReportResponse.java,1
GetClusterMetricsRequest.java,1
GetClusterMetricsResponse.java,1
GetClusterNodesRequest.java,1
GetClusterNodesResponse.java,1
GetContainerStatusRequest.java,1
GetContainerStatusResponse.java,1
GetNewApplicationIdRequest.java,1
GetNewApplicationIdResponse.java,1
GetQueueInfoRequest.java,1
GetQueueInfoResponse.java,1
GetQueueUserAclsInfoRequest.java,1
GetQueueUserAclsInfoResponse.java,1
RegisterApplicationMasterResponse.java,1
StartContainerRequest.java,1
SubmitApplicationRequest.java,1
SubmitApplicationResponse.java,1
FinishApplicationMasterResponsePBImpl.java,1
FinishApplicationRequestPBImpl.java,1
FinishApplicationResponsePBImpl.java,1
GetAllApplicationsRequestPBImpl.java,1
GetAllApplicationsResponsePBImpl.java,1
GetApplicationReportRequestPBImpl.java,1
GetApplicationReportResponsePBImpl.java,1
GetClusterMetricsRequestPBImpl.java,1
GetClusterMetricsResponsePBImpl.java,1
GetClusterNodesRequestPBImpl.java,1
GetClusterNodesResponsePBImpl.java,1
GetContainerStatusRequestPBImpl.java,1
GetContainerStatusResponsePBImpl.java,1
GetNewApplicationIdRequestPBImpl.java,1
GetQueueInfoRequestPBImpl.java,1
GetQueueInfoResponsePBImpl.java,1
GetQueueUserAclsInfoRequestPBImpl.java,1
GetQueueUserAclsInfoResponsePBImpl.java,1
StartContainerRequestPBImpl.java,1
SubmitApplicationRequestPBImpl.java,1
SubmitApplicationResponsePBImpl.java,1
ContainerState.java,1
LocalResourceVisibility.java,1
NodeReport.java,2
ProtoBase.java,1
QueueACL.java,1
QueueInfo.java,1
QueueState.java,1
QueueUserACLInfo.java,1
Resource.java,1
ResourceRequest.java,1
YarnClusterMetrics.java,1
AMResponsePBImpl.java,1
ApplicationMasterPBImpl.java,1
ApplicationStatusPBImpl.java,1
ContainerTokenPBImpl.java,1
NodeHealthStatusPBImpl.java,1
NodeReportPBImpl.java,1
QueueInfoPBImpl.java,1
QueueUserACLInfoPBImpl.java,1
ResourcePBImpl.java,1
ResourceRequestPBImpl.java,1
YarnClusterMetricsPBImpl.java,1
YarnRemoteException.java,1
YarnRemoteExceptionPBImpl.java,1
AMRMProtocolPBServiceImpl.java,1
ContainerManagerPBServiceImpl.java,1
RpcServerFactory.java,1
YarnRemoteExceptionFactory.java,1
ResourceTrackerPBClientImpl.java,1
ResourceTrackerPBServiceImpl.java,1
NodeHeartbeatRequest.java,1
RegisterNodeManagerResponse.java,1
NodeHeartbeatRequestPBImpl.java,1
NodeStatusPBImpl.java,1
ContainerDiagnosticsUpdateEvent.java,1
ContainerResourceFailedEvent.java,1
ResourceRetentionSet.java,1
ContainerLogsRetentionPolicy.java,1
ContainerStartMonitoringEvent.java,1
ContainerStopMonitoringEvent.java,1
TestPBLocalizerRPC.java,1
RMAppManagerEvent.java,1
AMLauncherEvent.java,1
RMAppEvent.java,1
RMAppRejectedEvent.java,1
RMAppState.java,1
RMAppAttemptEvent.java,1
RMAppAttemptState.java,1
RMAppAttemptContainerAcquiredEvent.java,1
RMAppAttemptContainerFinishedEvent.java,1
RMAppAttemptLaunchFailedEvent.java,1
RMAppAttemptRegistrationEvent.java,1
RMAppAttemptRejectedEvent.java,1
RMAppAttemptStatusupdateEvent.java,1
RMAppAttemptUnregistrationEvent.java,1
RMContainer.java,1
RMContainerEvent.java,1
RMContainerEventType.java,1
RMContainerFinishedEvent.java,1
RMContainerReservedEvent.java,1
RMContainerState.java,1
RMNodeCleanAppEvent.java,1
RMNodeCleanContainerEvent.java,1
RMNodeEvent.java,1
RMNodeStatusEvent.java,1
NodeResponse.java,1
AppRemovedSchedulerEvent.java,1
ContainerExpiredSchedulerEvent.java,1
NodeAddedSchedulerEvent.java,1
NodeRemovedSchedulerEvent.java,1
SchedulerEvent.java,1
SchedulerEventType.java,1
BlockPlacementPolicy.java,1
EventReader.java,1
EventWriter.java,1
AvroYarnRPC.java,1
mapred-site,1
ContentSummaryServlet.java,1
DfsServlet.java,1
ListPathsServlet.java,1
StreamFile.java,2
TestStreamFile.java,2
CachedDNSToSwitchMapping.java,1
DNSToSwitchMapping.java,1
ScriptBasedMapping.java,1
StaticMapping.java,1
TestScriptBasedMapping.java,1
JobTracker.java,1
TestBinaryTokenFile.java,1
TestTokenCacheOldApi.java,1
TestTaskLauncherThreaded.java,1
TaskTracker.java,1
mapred-default,2
MultipleOutputs.java,1
TaskDistributedCacheManager.java,1
TrackerDistributedCacheManager.java,1
TestTFileJClassComparatorByteArrays.java,2
TestTFileStreams.java,1
TestWriteConfigurationToDFS.java,1
FileInputFormatCounter.java,1
FileOutputFormatCounter.java,1
IncorrectVersionException.java,1
TestDatanodeRegister.java,1
TaskCounter.java,1
SequenceFileRecordReader.java,1
TestMiniMRDFSSort.java,1
TestMapReduceLocal.java,1
FairSchedulerServlet.java,1
hadoop-metrics2,1
IsolationRunner.java,1
TestIsolationRunner.java,1
TestMapProgress.java,1
TestWriteRead.java,1
hadoop-config,9
core-default,13
BloomMapFile.java,3
CBZip2OutputStream.java,1
TestDFSStorageStateRecovery.java,1
TestCompressionEmulationEnableForAllTypesOfJobs.java,1
TestCompressionEmulationForCompressInAndUncompressOut.java,1
TestCompressionEmulationForUncompressInAndCompressOut.java,1
TestEmulationOfHDFSAndLocalFSDCFiles.java,1
TestEmulationOfHDFSDCFileUsesMultipleJobs.java,1
TestEmulationOfHDFSDCFilesWithDifferentVisibilities.java,1
TestEmulationOfLocalFSDCFiles.java,1
TestGridMixDataGeneration.java,1
TestGridMixFilePool.java,1
TestGridmixCompressionEmulationWithCompressInput.java,1
TestGridmixEmulationOfHDFSPrivateDCFile.java,1
TestGridmixEmulationOfHDFSPublicDCFile.java,1
TestGridmixEmulationOfMultipleHDFSPrivateDCFiles.java,1
TestGridmixEmulationOfMultipleHDFSPublicDCFiles.java,1
TestGridmixWith10minTrace.java,1
TestGridmixWith12minTrace.java,1
TestGridmixWith1minTrace.java,1
TestGridmixWith2minStreamingJobTrace.java,1
TestGridmixWith3minStreamingJobTrace.java,1
TestGridmixWith3minTrace.java,1
TestGridmixWith5minStreamingJobTrace.java,1
TestGridmixWith5minTrace.java,1
TestGridmixWith7minTrace.java,1
GridmixJobVerification.java,1
mapred-config,1
SimulatorLaunchTaskAction.java,1
hadoop-daemon,1
CommandFactory.java,1
FsCommand.java,2
CommandFormat.java,1
SetReplication.java,1
Tail.java,1
TestCommandFormat.java,1
TestFileContextResolveAfs.java,1
StandardSocketFactory.java,1
DoNotPool.java,1
test-fake,1
MD5Hash.java,1
TestMD5Hash.java,1
TestFsPermission.java,4
TestSinkQueue.java,1
build-contrib,1
FsConfig.java,1
TestLocal_S3FileContextURI.java,1
TestS3_LocalFileContextURI.java,1
SecureIOUtils.java,1
TestSecureIOUtils.java,1
CreateFlag.java,2
DataGenerator.java,1
hadoop-env,1
ProtocolSignature.java,2
VersionedProtocol.java,1
Krb5AndCertsSslSocketConnector.java,1
test-patch,9
SocketInputStream.java,1
ManualTestKeytabLogins.java,1
ArrayFile.java,1
FileContextUtilBase.java,2
RefreshUserMappingsProtocol.java,2
RemoteIterator.java,1
FileContextSymlinkBaseTest.java,2
FileContextURIBase.java,1
User.java,2
AbstractDaemonCluster.java,1
TestTFileComparator2.java,1
ProxyUsers.java,1
KosmosFileSystem.java,1
GlobFilter.java,1
GlobPattern.java,1
TestGlobPattern.java,1
hadoop-core,2
MiniRPCBenchmark.java,1
RefreshUserToGroupMappingsProtocol.java,1
RefreshAuthorizationPolicyProtocol.java,1
ZlibFactory.java,1
TestFcLocalFsUtil.java,1
package-info,1
PermissionParser.java,2
UmaskParser.java,2
FilterFs.java,1
TestFilterFs.java,1
Tool.java,1
TestIPCServerResponder.java,2
BuiltInZlibDeflater.java,1
TokenStorage.java,1
TestTokenStorage.java,1
FSInputChecker.java,2
TestChecksumFileSystem.java,2
utf-7,1
hadoop-site,1
FileContextCreateMkdirBaseTest.java,1
HtmlQuoting.java,2
Options.java,1
ParentNotDirectoryException.java,1
TestSequenceFileSync.java,1
ChmodParser.java,1
FileAlreadyExistsException.java,1
TestGenericsUtil.java,1
BCFile.java,1
BoundedRangeFileInputStream.java,1
ByteArray.java,1
CompareUtils.java,1
TestTFile.java,1
MAPREDUCE-739,1
